smiles,value
*/C(=C/CC*)C,0.883356872
*/C(=C\CC*)C(C)(C)C,0.865138951
*/C(C)=C(/*)C(C)C,0.742358507
*/C(Cl)=C(/*)c1ccccc1,1.076752211
*/C=C(/*)C(C)(C)C,0.776287524
*/C=C(/*)c1ccc(-c2ccc(C#C)cc2)cc1,1.042090871
*/C=C(/*)c1ccc(C#C)cc1,1.010292342
*/C=C(/*)c1cccc(C#C)c1,1.016829963
*/C=C/C(C(=O)OCc1ccc(Cl)cc1)C(*)C(=O)OCc1ccc(Cl)cc1,1.258571666
*/C=C/C(C*)C(CC)C,0.850539749
*/C=C/C(C*)OC,1.003981727
*/C=C/C1CC(*)C2C(=O)N(CCCCC)C(=O)C12,1.050823811
*/C=C/C1CC(*)C2C(=O)N(CCCCCC)C(=O)C12,1.035217626
*/C=C/CC*,0.883044552
*/C=C/CCC*,0.870773195
*/C=C/CCCCCCCCCC*,0.853346172
*/C=C\*,0.959011341
*/C=C\CC*,0.891055243
*/C=C\CCC*,0.876838662
*/C=C\CCCC*,0.868416895
*/C=C\CCCCC*,0.867588794
*C#C/C(=C(*)\COS(=O)(=O)c1ccc(cc1)C)COS(=O)(=O)c1ccc(cc1)C,1.251976494
*C(*)C(=O)OC,1.150760389
*C(*)C(=O)OC(C)C,1.034629356
*C(*)C(=O)OCC,1.092477839
*C(*)C(=O)OCCC,1.065852977
*C(=CCC*)C(C)C,0.8495405
*C(=CCC*)CCC,0.866168537
*C(=CCC*)CCCCCCC,0.850100168
*C(=CCC*)c1ccccc1,1.017027333
*C(=CCCC*)c1ccc(cc1)Cl,1.123124794
*C(=CCCC*)c1ccc(cc1)OC,1.035052361
*C(=CCCC*)c1ccccc1,1.00581957
*C(=O)CCCCCCCCC(=O)N1CCN(*)CC1,1.068360477
*C(=O)NC1CCC(CC2CCC(NC(=O)c3ccc(N4C(=O)c5ccc(*)cc5C4=O)cc3)CC2)CC1,1.133082066
*C(=O)NCCNC(=O)c1ccc(N2C(=O)c3ccc(*)cc3C2=O)cc1,1.289378324
*C(=O)Nc1ccc(C2(c3ccc(NC(=O)c4ccc5c(c4)C(=O)N(c4ccc(Sc6ccc(Oc7ccc(Sc8ccc(N9C(=O)c%10ccc(*)cc%10C9=O)cc8)cc7)cc6)cc4)C5=O)cc3)c3ccccc3-c3ccccc32)cc1,1.211912125
*C(=O)Nc1ccc(Cc2ccc(NC(=O)c3ccc(N4C(=O)c5ccc(*)cc5C4=O)cc3)cc2)cc1,1.230142757
*C(=O)Nc1ccc(NC(=O)c2ccc(N3C(=O)c4ccc(*)cc4C3=O)cc2)cc1,1.30038156
*C(=O)Nc1cccc(/C=C/C(=O)/C=C/c2cccc(NC(=O)c3ccc(N4C(=O)c5ccc(*)cc5C4=O)cc3)c2)c1,1.200829298
*C(=O)Nc1cccc(C#Cc2cccc(N3C(=O)c4ccc(*)cc4C3=O)c2)c1,1.207196695
*C(=O)Nc1cccc(NC(=O)/C=C/c2cccc(N3C(=O)c4ccc(*)cc4C3=O)c2)c1,1.251502611
*C(=O)Nc1cccc(NC(=O)c2ccc(N3C(=O)c4ccc(*)cc4C3=O)cc2)c1,1.288525485
*C(=O)Nc1ccccc1NC(=O)c1ccc(N2C(=O)c3ccc(*)cc3C2=O)cc1,1.285201084
*C(=O)OCCOC(=O)c1ccc(*)o1,1.294258311
*C(=O)Oc1ccc(C(C)(C)c2ccc(OC(=O)c3ccc4c(c3)C(=O)N(c3ccc(-c5ccc(N6C(=O)c7ccc(*)cc7C6=O)c(C)c5)cc3C)C4=O)cc2)cc1,1.160979338
*C(=O)Oc1ccc(C(C)(C)c2ccc(OC(=O)c3ccc4c(c3)C(=O)N(c3ccc(-c5ccc(N6C(=O)c7ccc(*)cc7C6=O)cc5)cc3)C4=O)cc2)cc1,1.209449516
*C(=O)Oc1ccc(C(C)(C)c2ccc(OC(=O)c3ccc4c(c3)C(=O)N(c3ccc(Oc5ccc(N6C(=O)c7ccc(*)cc7C6=O)cc5)cc3)C4=O)cc2)cc1,1.224361443
*C(=O)Oc1ccc(C(C)(C)c2ccc(OC(=O)c3ccc4c(c3)C(=O)n3c-4nc4ccc(Oc5ccc6c(c5)nc5n6C(=O)c6ccc(*)cc6-5)cc43)cc2)cc1,1.233967696
*C(=O)Oc1ccc(OC(=O)c2ccc3c(c2)C(=O)N(C2CCC(N4C(=O)c5ccc(*)cc5C4=O)CC2)C3=O)cc1,1.262452899
*C(=O)Oc1ccc(OC(=O)c2ccc3c(c2)C(=O)N(c2ccc(-c4ccc(N5C(=O)c6ccc(*)cc6C5=O)cc4C(F)(F)F)c(C(F)(F)F)c2)C3=O)cc1,1.335659721
*C(=O)Oc1ccc(OC(=O)c2ccc3c(c2)C(=O)N(c2ccc(C(=O)Nc4ccc(N5C(=O)c6ccc(*)cc6C5=O)cc4)cc2)C3=O)cc1,1.306231148
*C(=O)Oc1ccc(OC(=O)c2ccc3c(c2)C(=O)N(c2ccc(C(=O)Oc4ccc(N5C(=O)c6ccc(*)cc6C5=O)cc4)cc2)C3=O)cc1,1.303485145
*C(=O)Oc1ccc(OC(=O)c2ccc3c(c2)C(=O)N(c2ccc(Oc4ccc(N5C(=O)c6ccc(*)cc6C5=O)cc4)cc2)C3=O)cc1,1.298210162
*C(=O)c1ccc2c(c1)C(=O)N(c1c(C(C)C)cc(Cc3cc(C(C)C)c(N4C(=O)c5ccc(*)cc5C4=O)c(C(C)C)c3)cc1C(C)C)C2=O,1.001467547
*C(=O)c1ccc2c(c1)C(=O)N(c1c(C)c(C)c(N3C(=O)c4ccc(*)cc4C3=O)c(C)c1C)C2=O,1.095689324
*C(=O)c1ccc2c(c1)C(=O)N(c1c(C)cc(C(c3cc(C)c(N4C(=O)c5ccc(*)cc5C4=O)c(C)c3)c3cccc4ccccc34)cc1C)C2=O,1.052850236
*C(=O)c1ccc2c(c1)C(=O)N(c1c(C)cc(Cc3cc(C)c(N4C(=O)c5ccc(*)cc5C4=O)c(C)c3)cc1C)C2=O,1.094593488
*C(=O)c1ccc2c(c1)C(=O)N(c1c(CC)cc(Cc3cc(CC)c(N4C(=O)c5ccc(*)cc5C4=O)c(CC)c3)cc1CC)C2=O,1.063182588
*C(=O)c1ccc2c(c1)C(=O)N(c1cc(C(c3ccc(O)c(N4C(=O)c5ccc(*)cc5C4=O)c3)(C(F)(F)F)C(F)(F)F)ccc1O)C2=O,1.335670182
*C(=O)c1ccc2c(c1)C(=O)N(c1ccc(-c3ccc(-c4ccc(N5C(=O)c6ccc(*)cc6C5=O)cc4)cc3)cc1)C2=O,1.203391937
*C(=O)c1ccc2c(c1)C(=O)N(c1ccc(-c3ccc(N4C(=O)c5ccc(*)cc5C4=O)c(C)c3)cc1C)C2=O,1.145826917
*C(=O)c1ccc2c(c1)C(=O)N(c1ccc(-c3ccc(N4C(=O)c5ccc(*)cc5C4=O)c(OC)c3)cc1OC)C2=O,1.18302384
*C(=O)c1ccc2c(c1)C(=O)N(c1ccc(-c3ccc(N4C(=O)c5ccc(*)cc5C4=O)cc3)cc1)C2=O,1.240794321
*C(=O)c1ccc2c(c1)C(=O)N(c1ccc(C(=O)Nc3ccc(N4C(=O)c5ccc(*)cc5C4=O)cc3)cc1)C2=O,1.278260146
*C(=O)c1ccc2c(c1)C(=O)N(c1ccc(C(=O)Nc3cccc(N4C(=O)c5ccc(*)cc5C4=O)c3)cc1)C2=O,1.280037721
*C(=O)c1ccc2c(c1)C(=O)N(c1ccc(C)c(N3C(=O)c4ccc(*)cc4C3=O)c1)C2=O,1.21870301
*C(=O)c1ccc2c(c1)C(=O)N(c1ccc(C3(c4ccc(N5C(=O)c6ccc(*)cc6C5=O)cc4)c4ccccc4-c4ccccc43)cc1)C2=O,1.135742607
*C(=O)c1ccc2c(c1)C(=O)N(c1ccc(Cc3ccc(N4C(=O)c5ccc(*)cc5C4=O)c(C)c3)cc1C)C2=O,1.153645492
*C(=O)c1ccc2c(c1)C(=O)N(c1ccc(Cc3ccc(N4C(=O)c5ccc(*)cc5C4=O)cc3)cc1)C2=O,1.231157372
*C(=O)c1ccc2c(c1)C(=O)N(c1ccc(N3C(=O)c4ccc(*)cc4C3=O)c(C)c1)C2=O,1.220747915
*C(=O)c1ccc2c(c1)C(=O)N(c1ccc(N3C(=O)c4ccc(*)cc4C3=O)nc1)C2=O,1.281940946
*C(=O)c1ccc2c(c1)C(=O)N(c1ccc(Oc3c(C)cc(Cc4cc(C)c(Oc5ccc(N6C(=O)c7ccc(*)cc7C6=O)cc5)c(C)c4)cc3C)cc1)C2=O,1.149765843
*C(=O)c1ccc2c(c1)C(=O)N(c1ccc(Oc3cc4ccccc4cc3Oc3ccc(N4C(=O)c5ccc(*)cc5C4=O)cc3)cc1)C2=O,1.249194838
*C(=O)c1ccc2c(c1)C(=O)N(c1ccc(Oc3ccc(-c4ccc(Oc5ccc(N6C(=O)c7ccc(*)cc7C6=O)cc5)cc4)cc3)cc1)C2=O,1.228224345
*C(=O)c1ccc2c(c1)C(=O)N(c1ccc(Oc3ccc(C(=O)c4cccc(C(=O)c5ccc(Oc6ccc(N7C(=O)c8ccc(*)cc8C7=O)cc6)cc5)c4)cc3)cc1)C2=O,1.236641993
*C(=O)c1ccc2c(c1)C(=O)N(c1ccc(Oc3ccc(C(c4ccc(Oc5ccc(N6C(=O)c7ccc(*)cc7C6=O)cc5)cc4)(C(F)(F)F)C(F)(F)F)cc3)cc1)C2=O,1.29107138
*C(=O)c1ccc2c(c1)C(=O)N(c1ccc(Oc3cccc4c(Oc5ccc(N6C(=O)c7ccc(*)cc7C6=O)cc5)cccc34)cc1)C2=O,1.237241822
*C(=O)c1ccc2c(c1)C(=O)N(c1ccc(Sc3ccc(N4C(=O)c5ccc(*)cc5C4=O)cc3)cc1)C2=O,1.267940386
*C(=O)c1ccc2c(c1)C(=O)N(c1ccc3c(c1)Cc1cc(N4C(=O)c5ccc(*)cc5C4=O)ccc1-3)C2=O,1.231381223
*C(=O)c1ccc2c(c1)C(=O)N(c1cccc(C(=O)N(C)c3ccc(N4C(=O)c5ccc(*)cc5C4=O)cc3)c1)C2=O,1.248995932
*C(=O)c1ccc2c(c1)C(=O)N(c1cccc(C(=O)Nc3ccc(N4C(=O)c5ccc(*)cc5C4=O)cc3)c1)C2=O,1.276055396
*C(=O)c1ccc2c(c1)C(=O)N(c1cccc(N3C(=O)c4ccc(*)cc4C3=O)c1C)C2=O,1.20397476
*C(C(*)(F)F)(Cl)F,1.892081877
*C(C(*)(F)F)(OC(C(C(C(F)(F)F)(F)F)(F)F)(F)F)F,1.779887798
*C(C(*)(F)F)(OC(C(F)(F)F)(F)F)F,1.710360798
*C(C(*)(F)F)(OC(C(F)F)F)F,1.696241974
*C(C(*)(F)F)(OC(F)(F)F)F,1.816452345
*C(C(*)(F)F)(OC(F)(F)F)OC(F)(F)F,1.687186152
*C(C(*)(F)F)(c1c(c(c(c(c1F)F)F)F)F)F,1.609094369
*C(C(*)(F)F)(c1ccccc1)F,1.27745434
*C(C(*)(F)F)OC(F)(F)F,1.726335987
*C(C(*)(c1c(c(c(c(c1[2H])[2H])[2H])[2H])[2H])[2H])([2H])[2H],1.071664337
*C(C(*)F)(OC(F)(F)F)F,1.750235753
*C(C(*)O)C,1.029484838
*C(C(*)OC(C)(C)C)C,0.874167946
*C(C(*)OC(C)C)C,0.882335598
*C(C(*)OC)C,0.947492501
*C(C(*)OCC(C)C)C,0.889659735
*C(C(*)OCC)C,0.920915603
*C(C(*)OCCC)C,0.906495665
*C(C(*)OCCCC)C,0.905549579
*C(C(*)c1ccccc1)[N+](=O)[O-],1.094086295
*C(C(C(C*)OC)C(=O)O)C(=O)O,1.266513017
*C(C(C(C*)c1ncccc1)c1ccccc1)c1ncccc1,1.02787783
*C(C(C*)C)(C)C,0.836805812
*C(C(CC*)C)C,0.831701925
*C(C)C(C)*,0.8235685
*C(C*)(C#N)C,0.991092314
*C(C*)(C(=O)C)C,0.974159692
*C(C*)(C(=O)C)F,1.193983784
*C(C*)(C(=O)OC)C,1.033055843
*C(C*)(C(=O)OC)c1ccccc1,1.055775059
*C(C*)(C(=O)OCC)C,0.990367795
*C(C*)(C(=O)OCCCC)C,0.977791197
*C(C*)(C)C,0.87060676
*C(C*)(CC(=O)OCCCCCCC)C(=O)OCCCCCCC,0.966492654
*C(C*)(CC)C,0.844525133
*C(C*)(CCC)C,0.818195516
*C(C*)(F)F,1.54254368
*C(C*)(OC)C,0.955616256
*C(C*)(c1ccc(cc1)C(C)C)C,0.902118305
*C(C*)(c1ccc(cc1)C)C,0.92469499
*C(C*)(c1ccccc1)C,0.964538381
*C(C*)C,0.83573244
*C(C*)C#N,1.046677705
*C(C*)C(=O)C,1.032572569
*C(C*)C(=O)C(C)(C)C,0.91707896
*C(C*)C(=O)C(C)C,0.945283927
*C(C*)C(=O)C1CCCCC1,0.971181484
*C(C*)C(=O)O,1.303707229
*C(C*)C(=O)OC,1.129183952
*C(C*)C(=O)OC(C(Cl)(F)F)(C(Cl)(F)F)F,1.633953683
*C(C*)C(=O)OC(C(Cl)(F)F)(C(F)(F)F)F,1.596822382
*C(C*)C(=O)OC(C(F)(F)F)(C(F)(F)F)F,1.597661628
*C(C*)C(=O)OC(C(F)(F)F)C(F)(F)F,1.536822752
*C(C*)C(=O)OC(C)(C)C,0.971035325
*C(C*)C(=O)OC(C)C,1.018190946
*C(C*)C(=O)OC1C2(CCC(C1)C2(C)C)C,0.986288422
*C(C*)C(=O)OCC,1.064568208
*C(C*)C(=O)OCC(C(C(F)(F)F)(F)F)(F)F,1.563652716
*C(C*)C(=O)OCC(C(F)(F)F)(F)F,1.493383044
*C(C*)C(=O)OCC(C(F)C(F)(F)F)(F)F,1.535446377
*C(C*)C(=O)OCC(C)C,0.997194883
*C(C*)C(=O)OCC(F)(F)F,1.418541441
*C(C*)C(=O)OCC=C,1.087141868
*C(C*)C(=O)OCCC,1.030160522
*C(C*)C(=O)OCCCC,1.001402306
*C(C*)C(=O)OCCCCCC,0.963879959
*C(C*)C(=O)OCCCCCCC,0.948837806
*C(C*)C(=O)OCCCCCCCC,0.942140506
*C(C*)C(=O)OCCCCCCCCCCCC,0.913403657
*C(C*)C(=O)OCCCCCCCCCCCCCC,0.905452429
*C(C*)C(=O)OCCCCCCCCCCCCCCCC,0.898806002
*C(C*)C(=O)OCCCCCCCCCCCCCCCCCC,0.89196107
*C(C*)C(=O)OCCCCCCCCCCCCCCCCCCCCCC,0.884876752
*C(C*)C(=O)c1c(cccc1)O,1.187225592
*C(C*)C(=O)c1cc(c(cc1)Br)OC,1.468622958
*C(C*)C(=O)c1cc(c(cc1)C)C,1.036462114
*C(C*)C(=O)c1ccc(cc1)Br,1.516763156
*C(C*)C(=O)c1ccc(cc1)C,1.063196689
*C(C*)C(=O)c1ccc(cc1)C(C)(C)C,0.988687181
*C(C*)C(=O)c1ccc(cc1)C(C)C,1.019792447
*C(C*)C(=O)c1ccc(cc1)CC,1.047672656
*C(C*)C(=O)c1ccc(cc1)CCC,1.024315343
*C(C*)C(=O)c1ccc(cc1)Cl,1.226369324
*C(C*)C(=O)c1ccc(cc1)OC,1.136336939
*C(C*)C(=O)c1ccccc1,1.110644943
*C(C*)C(C)(C)C,0.80536494
*C(C*)C(C)C,0.809481605
*C(C*)C(CC)C,0.810410007
*C(C*)C(CC)CC,0.81481654
*C(C*)C(c1ccccc1)C,0.950614435
*C(C*)C1=CC=CS1,1.168228212
*C(C*)C1CC(CCC1)C,0.860408044
*C(C*)C1CC1,0.894720922
*C(C*)C1CC=CCC1,0.894488285
*C(C*)C1CCC(CC1)C,0.846306645
*C(C*)C1CCC1,0.890516521
*C(C*)C1CCCC1,0.896070041
*C(C*)C1CCCCC1,0.852752091
*C(C*)C=O,1.136267031
*C(C*)CC,0.833803273
*C(C*)CC(C)(C)C,0.817611089
*C(C*)CC(C)C,0.822248085
*C(C*)CC(CC)(C)C,0.836728393
*C(C*)CC(CC)C,0.825624108
*C(C*)CC(CC)CC,0.829919646
*C(C*)CC1CCCC1,0.89707436
*C(C*)CC1CCCCC1,0.876520821
*C(C*)CCC,0.82434244
*C(C*)CCC(C)(C)C,0.816714682
*C(C*)CCC(CC)C,0.835027112
*C(C*)CCC1CCCCC1,0.887375098
*C(C*)CCCC,0.825542476
*C(C*)CCCC(C)(C)C,0.818440434
*C(C*)CCCC1CCCCC1,0.882254928
*C(C*)CCCCC,0.826026958
*C(C*)CCCCCC,0.829569461
*C(C*)CCCCCCC,0.830236127
*C(C*)CCCCCCCC,0.830808762
*C(C*)CCCCCCCCC,0.829999326
*C(C*)CCCCCCCCCC,0.831539982
*C(C*)CCCCCCCCCCC,0.833532988
*C(C*)CCCCCCCCCCCC,0.83325233
*C(C*)CCCCCCCCCCCCC,0.833225353
*C(C*)CCCCCCCCCCCCCC,0.832142984
*C(C*)CCCCCCCCCCCCCCCC,0.833313341
*C(C*)CCCCCCCCCCCCCCCCCCCC,0.834006133
*C(C*)CCCCCCCCCO,0.905412097
*C(C*)CCCN(C(C)C)C(C)C,0.873653205
*C(C*)CCCN(CC(C)C)CC(C)C,0.860541573
*C(C*)CCN(C(C)C)C(C)C,0.876082092
*C(C*)CCc1c(cccc1)C,0.978579324
*C(C*)CCc1ccc(cc1)C,0.970092286
*C(C*)CCc1ccccc1,1.000097037
*C(C*)CNc1c(cc(cc1)[N+](=O)[O-])C,1.182212775
*C(C*)CNc1c(cc(cc1)[N+](=O)[O-])[N+](=O)[O-],1.348505594
*C(C*)CNc1cc(c(cc1)[N+](=O)[O-])C(F)(F)F,1.382048926
*C(C*)CNc1ccc(cc1)[N+](=O)[O-],1.230823085
*C(C*)CNc1ncc(cc1)[N+](=O)[O-],1.274317315
*C(C*)Cc1c(ccc(c1)C)C,0.944052893
*C(C*)Cc1c(cccc1)C,0.972209312
*C(C*)Cc1cc(c(cc1)C)C,0.95241273
*C(C*)Cc1cc(cc(c1)C)C,0.95500293
*C(C*)Cc1cc(ccc1)C,0.976778762
*C(C*)Cc1ccc(cc1)C,0.968403914
*C(C*)Cc1ccccc1,1.008541193
*C(C*)Cl,1.332667324
*C(C*)N1C(=O)CCC1,1.094286524
*C(C*)N1CNCC1,1.079195126
*C(C*)N1Nc2c(C1)cccc2,1.114969607
*C(C*)NC(=O)OC(C)(C)C,1.015667029
*C(C*)O,1.174363926
*C(C*)OC,1.019931061
*C(C*)OC(=O)C,1.1098647
*C(C*)OC(=O)C(C(C(C(C(C(C(C(C(F)(F)F)(F)F)(F)F)(F)F)(F)F)(F)F)(F)F)(F)F)(F)F,1.802612793
*C(C*)OC(=O)C(C(C(C(C(C(C(F)(F)F)(F)F)(F)F)(F)F)(F)F)(F)F)(F)F,1.765573426
*C(C*)OC(=O)C(C(C(C(C(F)(F)F)(F)F)(F)F)(F)F)(F)F,1.72120682
*C(C*)OC(=O)C(C(C(C(F)(F)F)(F)F)(F)F)(F)F,1.679400325
*C(C*)OC(=O)C(C(C(C)C)C)(C)C,0.928292734
*C(C*)OC(=O)C(C(C(F)(F)F)(F)F)(F)F,1.641934973
*C(C*)OC(=O)C(C(C)C)(C(C)C)C,0.922754666
*C(C*)OC(=O)C(C(CC)(C)C)(C)C,0.923293691
*C(C*)OC(=O)C(C(F)(F)F)(F)F,1.581055156
*C(C*)OC(=O)C(CC(C)(C)C)(C)C,0.930642496
*C(C*)OC(=O)C(CCC)(C)C,0.945730555
*C(C*)OC(=O)C(F)(F)F,1.49183688
*C(C*)OC(=O)C1(C(C(C(C(C1(F)F)(F)F)(F)F)(F)F)(F)F)F,1.672175033
*C(C*)OC(=O)C1(CCCCC1)C,0.984240621
*C(C*)OC(=O)C1CCCC1,1.053718158
*C(C*)OC(=O)C1CCCCC1,1.019054854
*C(C*)OC(=O)CC,1.060167238
*C(C*)OC(=O)CC(c1ccccc1)(C)C,1.066509964
*C(C*)OC(=O)CC1CCCC1,1.046233355
*C(C*)OC(=O)CC1CCCCC1,1.017496565
*C(C*)OC(=O)CCCC(=O)c1ccccc1,1.150898047
*C(C*)OC(=O)CCCC1CCCCC1,0.995240688
*C(C*)OC(=O)CCCCC,0.977136755
*C(C*)OC(=O)CCCCCCC,0.953535589
*C(C*)OC(=O)CCCCCCCCC,0.93553504
*C(C*)OC(=O)CCCCCCCCCCC,0.921917489
*C(C*)OC(=O)CCl,1.372301072
*C(C*)OC(=O)c1c(cccc1)C,1.128727674
*C(C*)OC(=O)c1c(cccc1)Cl,1.293059527
*C(C*)OC(=O)c1c(cccc1)OC,1.184683625
*C(C*)OC(=O)c1c(cccc1)OC(=O)C,1.204681933
*C(C*)OC(=O)c1cc(ccc1)Br,1.54660293
*C(C*)OC(=O)c1cc(ccc1)C,1.110950878
*C(C*)OC(=O)c1cc(ccc1)Cl,1.263058501
*C(C*)OC(=O)c1cc(ccc1)OC,1.172022242
*C(C*)OC(=O)c1cc(ccc1)[N+](=O)[O-],1.282622037
*C(C*)OC(=O)c1ccc(cc1)Br,1.536350906
*C(C*)OC(=O)c1ccc(cc1)C,1.099096797
*C(C*)OC(=O)c1ccc(cc1)C#N,1.163856974
*C(C*)OC(=O)c1ccc(cc1)C(C)(C)C,1.021531892
*C(C*)OC(=O)c1ccc(cc1)C(C)C,1.047680586
*C(C*)OC(=O)c1ccc(cc1)CC,1.071863376
*C(C*)OC(=O)c1ccc(cc1)Cl,1.266340181
*C(C*)OC(=O)c1ccc(cc1)OC,1.170671465
*C(C*)OC(=O)c1ccc(cc1)OC(=O)C,1.202322505
*C(C*)OC(=O)c1ccc(cc1)OC(=O)CCC,1.143061228
*C(C*)OC(=O)c1ccc(cc1)OCC,1.124221099
*C(C*)OC(=O)c1ccccc1,1.143985301
*C(C*)OC(=O)c1ccncc1,1.195060965
*C(C*)OC(=O)c1cnccc1,1.216930022
*C(C*)OC(C(F)(F)F)(C(F)(F)F)F,1.622288206
*C(C*)OC(C)(C)C,0.899334655
*C(C*)OC(C)C,0.923613225
*C(C*)OC(CC)C,0.905143445
*C(C*)OC1CCCCC1,0.948633594
*C(C*)OC=O,1.251158166
*C(C*)OCC,0.958386277
*C(C*)OCC(C)(C)C,0.874620945
*C(C*)OCC(CC(C)C)(C)C,0.892796096
*C(C*)OCC(CC)(C)C,0.882730644
*C(C*)OCC(CCCC)CC,0.883883354
*C(C*)OCC(F)(F)F,1.388732116
*C(C*)OCCC,0.936310658
*C(C*)OCCCCCCCCCCCC,0.87615794
*C(C*)OCCCCCCCCCCCCCCCCCC,0.863937237
*C(C*)OCCCl,1.248858545
*C(C*)OCCOC,1.063567732
*C(C*)OCc1ccccc1,1.091059368
*C(C*)O[N+](=O)[O-],1.422526847
*C(C*)P(=O)(N(C)C)Oc1ccccc1,1.160587206
*C(C*)P(=O)(OCC)N(C)C,1.112277991
*C(C*)P(=O)(c1ccccc1)c1ccccc1,1.098076282
*C(C*)SC,1.078850613
*C(C*)SCC,1.030279109
*C(C*)SCCCC,0.975699357
*C(C*)c1c(c(c(c(c1F)F)F)F)F,1.449526713
*C(C*)c1c(cc(c(c1)C)C)C,0.929446641
*C(C*)c1c(cc(cc1)C(C)C)C(C)C,0.871064672
*C(C*)c1c(cc(cc1)C)C,0.940383427
*C(C*)c1c(cc(cc1)Cl)C,1.101968119
*C(C*)c1c(cc(cc1)Cl)Cl,1.253540775
*C(C*)c1c(cc(cc1)F)C,1.058654554
*C(C*)c1c(cc(cc1C)C)C,0.93086765
*C(C*)c1c(ccc(c1)Br)OC,1.378340664
*C(C*)c1c(ccc(c1)Br)OC(C)C,1.258870669
*C(C*)c1c(ccc(c1)Br)OCC,1.33930596
*C(C*)c1c(ccc(c1)Br)OCCC,1.280338839
*C(C*)c1c(ccc(c1)Br)OCCC(C)C,1.226506408
*C(C*)c1c(ccc(c1)Br)OCCCC,1.2582648
*C(C*)c1c(ccc(c1)Br)OCCCCC,1.225241179
*C(C*)c1c(ccc(c1)C(C)(C)C)C,0.896333211
*C(C*)c1c(ccc(c1)C(C)C)C(C)C,0.870067341
*C(C*)c1c(ccc(c1)C)C,0.925112294
*C(C*)c1c(ccc(c1)C)F,1.053218614
*C(C*)c1c(ccc(c1)Cl)Cl,1.246008309
*C(C*)c1c(ccc(c1)F)F,1.182523433
*C(C*)c1c(cccc1)C,0.978948821
*C(C*)c1c(cccc1)C(=O)N(C)C,1.019914094
*C(C*)c1c(cccc1)C(=O)NC,1.05618534
*C(C*)c1c(cccc1)C(=O)Nc1ccccc1,1.113471778
*C(C*)c1c(cccc1)C(=O)O,1.14579736
*C(C*)c1c(cccc1)C(=O)OC,1.093619065
*C(C*)c1c(cccc1)C(=O)OC(C)C,1.04558941
*C(C*)c1c(cccc1)C(=O)OCC,1.070874613
*C(C*)c1c(cccc1)C(=O)OCC(C)C,1.035196742
*C(C*)c1c(cccc1)C(=O)OCCC,1.060275726
*C(C*)c1c(cccc1)C(=O)OCCC(C)C,1.035083827
*C(C*)c1c(cccc1)C(=O)OCCCC,1.040151362
*C(C*)c1c(cccc1)C(=O)OCCCCC,1.030247482
*C(C*)c1c(cccc1)C(=O)OCCCCCC,1.011034746
*C(C*)c1c(cccc1)C(=O)OCCN(C)C,1.081969242
*C(C*)c1c(cccc1)C(=O)Oc1ccccc1,1.133417531
*C(C*)c1c(cccc1)CC,0.956120289
*C(C*)c1c(cccc1)COC,1.023668496
*C(C*)c1c(cccc1)COC(C)C,0.985738485
*C(C*)c1c(cccc1)COCC,1.020552204
*C(C*)c1c(cccc1)COCCC,1.002033696
*C(C*)c1c(cccc1)COCCC(C)C,0.981459783
*C(C*)c1c(cccc1)COCCCC,0.987425981
*C(C*)c1c(cccc1)COCCCCC,0.977922828
*C(C*)c1c(cccc1)COCCc1ccccc1,1.073511826
*C(C*)c1c(cccc1)COCc1ccccc1,1.087022171
*C(C*)c1c(cccc1)Cl,1.153238245
*C(C*)c1c(cccc1)F,1.105762216
*C(C*)c1c(cccc1)OC,1.022974296
*C(C*)c1c(cccc1Cl)Cl,1.262465174
*C(C*)c1c2c(ccc1)cccc2,1.049065386
*C(C*)c1cc(c(cc1)C(=O)O)C(=O)O,1.289327097
*C(C*)c1cc(c(cc1)C)C,0.935056733
*C(C*)c1cc(c(cc1)Cl)C,1.086153317
*C(C*)c1cc(c(cc1)Cl)Cl,1.257069501
*C(C*)c1cc(c(cc1)Cl)F,1.218843924
*C(C*)c1cc(cc(c1)C)C,0.939037292
*C(C*)c1cc(ccc1)C,0.969357307
*C(C*)c1cc(ccc1)CC,0.951189371
*C(C*)c1cc(ccc1)Cl,1.138997982
*C(C*)c1cc(ccc1)F,1.097086163
*C(C*)c1cc(ccc1)c1ccc(cc1)c1ccccc1,1.059615223
*C(C*)c1cc2c(cc1)cccc2,1.048762388
*C(C*)c1ccc(cc1)Br,1.461570466
*C(C*)c1ccc(cc1)C,0.954853504
*C(C*)c1ccc(cc1)C#N,1.017159224
*C(C*)c1ccc(cc1)C(=NO)C,1.056409606
*C(C*)c1ccc(cc1)C(=O)C,1.057706787
*C(C*)c1ccc(cc1)C(=O)C(F)(F)F,1.2814039
*C(C*)c1ccc(cc1)C(=O)CC,1.033214439
*C(C*)c1ccc(cc1)C(=O)CCC,1.016565854
*C(C*)c1ccc(cc1)C(=O)CCCC,1.003231285
*C(C*)c1ccc(cc1)C(=O)CCCCC,0.988783183
*C(C*)c1ccc(cc1)C(=O)CCCCCCC,0.970813314
*C(C*)c1ccc(cc1)C(=O)CCN1CCCCC1,1.040490676
*C(C*)c1ccc(cc1)C(=O)CCN1CCOCC1,1.102048959
*C(C*)c1ccc(cc1)C(=O)Cc1ccccc1,1.103006997
*C(C*)c1ccc(cc1)C(=O)N(C)C,1.05442617
*C(C*)c1ccc(cc1)C(=O)N(CC)CC,1.0040739
*C(C*)c1ccc(cc1)C(=O)N1CCCCC1,1.036942875
*C(C*)c1ccc(cc1)C(=O)N1CCOCC1,1.103347893
*C(C*)c1ccc(cc1)C(=O)OC,1.090571368
*C(C*)c1ccc(cc1)C(=O)OC(C)C,1.02693306
*C(C*)c1ccc(cc1)C(=O)OCC,1.05070326
*C(C*)c1ccc(cc1)C(=O)OCC(C)C,1.017692103
*C(C*)c1ccc(cc1)C(=O)OCCC,1.047044212
*C(C*)c1ccc(cc1)C(=O)OCCCC,1.030347418
*C(C*)c1ccc(cc1)C(=O)OCCCCCC,1.003719963
*C(C*)c1ccc(cc1)C(=O)OCCN(C)C,1.072615261
*C(C*)c1ccc(cc1)C(=O)c1ccc(cc1)C,1.067378891
*C(C*)c1ccc(cc1)C(=O)c1ccc(cc1)OC,1.111089836
*C(C*)c1ccc(cc1)C(=O)c1ccccc1,1.09827774
*C(C*)c1ccc(cc1)C(C(C(C(C(C(C(F)(F)F)(F)F)(F)F)(F)F)(F)F)(F)F)(F)F,1.594542527
*C(C*)c1ccc(cc1)C(C(C(C(C(C(F)F)(F)F)(F)F)(F)F)(F)F)(F)F,1.523217009
*C(C*)c1ccc(cc1)C(C)(C)C,0.89655902
*C(C*)c1ccc(cc1)C(C)C,0.923190056
*C(C*)c1ccc(cc1)C(CC)(O)C,0.984772104
*C(C*)c1ccc(cc1)C(CC)C,0.914850756
*C(C*)c1ccc(cc1)C(CCC)(O)C,0.961746913
*C(C*)c1ccc(cc1)C(CCCC)(O)C,0.964527544
*C(C*)c1ccc(cc1)C(CCCCC)(O)C,0.955479058
*C(C*)c1ccc(cc1)C(CCN(C)C)O,1.029659127
*C(C*)c1ccc(cc1)C(CCN1CCCCC1)O,1.022718168
*C(C*)c1ccc(cc1)C(CCN1CCOCC1)O,1.085230389
*C(C*)c1ccc(cc1)C(O)(C)C,1.006839479
*C(C*)c1ccc(cc1)CC,0.946653191
*C(C*)c1ccc(cc1)CCC,0.941423608
*C(C*)c1ccc(cc1)CCCC,0.931491324
*C(C*)c1ccc(cc1)CCCCCC,0.918524608
*C(C*)c1ccc(cc1)CCCCCCCC,0.905274422
*C(C*)c1ccc(cc1)CCCCCCCCC,0.902766866
*C(C*)c1ccc(cc1)CCCCCCCCCC,0.899890732
*C(C*)c1ccc(cc1)CCCCCCCCCCCC,0.894841977
*C(C*)c1ccc(cc1)CCCCCCCCCCCCCC,0.887566319
*C(C*)c1ccc(cc1)CCCCCCCCCCCCCCCC,0.886142951
*C(C*)c1ccc(cc1)CCCCCCCCCCCCCCCCCC,0.878911528
*C(C*)c1ccc(cc1)COC,1.03750338
*C(C*)c1ccc(cc1)COC(CC)C,0.973651082
*C(C*)c1ccc(cc1)COCC(CCCC)CC,0.944495503
*C(C*)c1ccc(cc1)COCCC,1.005095307
*C(C*)c1ccc(cc1)COCCCC,0.992325334
*C(C*)c1ccc(cc1)COCCCCCC,0.964533398
*C(C*)c1ccc(cc1)COCCCCCCOc1ccc(cc1)c1ccc(cc1)OC,1.071230538
*C(C*)c1ccc(cc1)COCCCCO,1.064499301
*C(C*)c1ccc(cc1)COCCO,1.099535621
*C(C*)c1ccc(cc1)COCCOCC,1.048857628
*C(C*)c1ccc(cc1)COCCOCCCC,1.013534512
*C(C*)c1ccc(cc1)COCCOCCCCCCCC,0.973660818
*C(C*)c1ccc(cc1)Cl,1.143288057
*C(C*)c1ccc(cc1)F,1.087380654
*C(C*)c1ccc(cc1)I,1.7178258
*C(C*)c1ccc(cc1)N(C)C,1.01782468
*C(C*)c1ccc(cc1)O,1.107283443
*C(C*)c1ccc(cc1)OC,1.042086594
*C(C*)c1ccc(cc1)OC(=O)C,1.100534398
*C(C*)c1ccc(cc1)OCC,1.016879034
*C(C*)c1ccc(cc1)OCCC,0.991729585
*C(C*)c1ccc(cc1)OCCC(C)C,0.976437278
*C(C*)c1ccc(cc1)OCCCC,0.984185099
*C(C*)c1ccc(cc1)Oc1ccccc1,1.10105886
*C(C*)c1ccc(cc1)S(=O)(=O)OCCC,1.166750668
*C(C*)c1ccc(cc1)c1ccc(cc1)c1ccccc1,1.054606035
*C(C*)c1ccc(cc1)c1ccccc1,1.030455771
*C(C*)c1ccc(nc1)C,1.004278135
*C(C*)c1ccccc1,0.990788525
*C(C*)c1ccncc1,1.064890411
*C(C*)c1nc(ccc1)C,1.014862727
*C(C*)c1nc(nc(n1)C)C,1.064103146
*C(C*)c1ncccc1,1.057501881
*C(C*)n1c2ccccc2c2ccccc12,1.099857312
*C(CC(C*)c1ccccc1)(C(=O)OC)C#N,1.072601323
*C(CC)C(CC)*,0.823310611
*C(CC*)(C)C,0.831834985
*C(CCC*)(C)C,0.829420011
*C(CCC*)(CC)C,0.827575347
*C(CCCCCCC*)C,0.838285169
*C(CCCCNC(=O)NCCCCCCNC(=O)N*)C(=O)OC,1.099894242
*C(F)(F)C(*)(F)C(F)(F)F,1.790591386
*C(F)(F)C(F)(F)*,1.914482486
*C(F)C(*)(F)F,1.798577625
*C(O)C(*)O,1.396107757
*C([2H])([2H])C(*)(C(=O)OC([2H])([2H])[2H])C([2H])([2H])[2H],1.115470133
*C/C=C\C*,
*C1(CCC(CC1)C)C*,0.85730737
*C1(CCCCC1)C*,0.878255967
*C1(OC(C(C1(C(C(*)(F)F)(F)F)F)(F)F)(F)F)F,1.822016677
*C1C(*)C2CC1C1C=CCC12,0.94806811
*C1C(=O)OC(=O)C1C(C*)OC,1.250206826
*C1C(C(C(C1)C*)OC(=O)CCCCCCCCCCOc1ccc(cc1)c1ccc(cc1)C#N)OC(=O)CCCCCCCCCCOc1ccc(cc1)c1ccc(cc1)C#N,1.050442559
*C1C(C2C(C1)C(C(C2)CC*)OC(=O)CCCCCCCCCCOc1ccc(cc1)c1ccc(cc1)C#N)OC(=O)CCCCCCCCCCOc1ccc(cc1)c1ccc(cc1)C#N,1.041845873
*C1C(CC(C1)C*)OC(=O)CCCCCCCCCCOc1ccc(cc1)c1ccc(cc1)C#N,1.041611942
*C1C(CC(C1)OC(=O)CCCCCCCCCCOc1ccc(cc1)c1ccc(cc1)C#N)CC*,1.03779286
*C1C(CC1)*,0.894726143
*C1C(CCC1)CC*,0.906448376
*C1C2CC(C)C(C2)C1*,0.898563014
*C1CC(CC1)C*,0.930004498
*C1CC(CC1)C=C*,0.952823858
*C1CC2CC1C(*)C2CCCC,0.876370215
*C1CC2CC1C(*)C2CCCCCC,0.89181419
*C1CCC(*)C1,0.928876066
*C1CCC(CC2CCC(N3C(=O)C4C5C=CC(C6C(=O)N(*)C(=O)C56)C4C3=O)C(C)C2)CC1C,1.058498105
*C1CCC(CC2CCC(N3C(=O)C4C5C=CC(C6C(=O)N(*)C(=O)C56)C4C3=O)CC2)CC1,1.096899673
*C1CCC(N2C(=O)c3ccc(-c4ccc5c(c4)C(=O)N(*)C5=O)cc3C2=O)CC1,1.221232144
*C1NC(CC1)*,1.038245022
*C1Oc2ccccc2C1*,1.092531193
*C1c2c(CC1*)cccc2,0.984516179
*C=CC(C(*)C(=O)OC)C,1.029013519
*C=CC(C*)OC,1.002721432
*C=CC(CCCCC*)C,0.848448936
*C=CCC(CC*)(C(=O)OC)C,0.992758106
*C=CCC*,0.884263619
*C=CCCCCCC*,0.857672969
*C=CCCCCCCCC*,0.85471523
*C=CCCCCCCCCCC*,0.852224825
*CC(*)(C)C,
*CC(*)(C)C(=O)OC(C)(C)C,0.912409902
*CC(*)(C)C(=O)OC(C)C,0.953690368
*CC(*)(C)C(=O)OC(C)CC,0.946334214
*CC(*)(C)C(=O)OC(OCC)C(F)(F)F,1.222015332
*CC(*)(C)C(=O)OC1CCCCC1,0.972678461
*CC(*)(C)C(=O)OCC(=O)c1ccccc1,1.148393849
*CC(*)(C)C(=O)OCC(C)C,0.96194342
*CC(*)(C)C(=O)OCC(C)O,1.091888654
*CC(*)(C)C(=O)OCCBr,1.508509344
*CC(*)(C)C(=O)OCCC,0.989428412
*CC(*)(C)C(=O)OCCC#N,1.090917117
*CC(*)(C)C(=O)OCCCCCC,0.953772359
*CC(*)(C)C(=O)OCCCCCCCC,0.934650547
*CC(*)(C)C(=O)OCCCCCCCCCCCC,0.910290248
*CC(*)(C)C(=O)OCCCCCCN(C)c1ccc(/N=N/c2ccc(S(C)(=O)=O)cc2)cc1,1.13049325
*CC(*)(C)C(=O)OCCN(C)C,1.036064242
*CC(*)(C)C(=O)OCCO,1.134422469
*CC(*)(C)C(=O)OCCOC,1.090293836
*CC(*)(C)C(=O)OCCO[N+](=O)[O-],1.264027777
*CC(*)(C)C(=O)OCCS(=O)CC,1.144553412
*CC(*)(C)C(=O)OCc1c(Cl)cccc1Cl,1.273236404
*CC(*)(C)C(=O)OCc1cc(Cl)cc(Cl)c1,1.269395896
*CC(*)(C)C(=O)OCc1cc(Cl)ccc1Cl,1.269736861
*CC(*)(C)C(=O)OCc1ccc(Cl)c(Cl)c1,1.273551555
*CC(*)(C)C(=O)OCc1ccc(Cl)cc1,1.187854535
*CC(*)(C)C(=O)OCc1ccc(Cl)cc1Cl,1.269283781
*CC(*)(C)C(=O)OCc1cccc(Cl)c1,1.192786371
*CC(*)(C)C(=O)OCc1cccc(Cl)c1Cl,1.272828419
*CC(*)(C)C(=O)OCc1ccccc1,1.091824545
*CC(*)(C)C(=O)OCc1ccccc1Cl,1.18896235
*CC(*)(C)C(=O)Oc1c(C(C)C)cccc1C(C)C,0.952119689
*CC(*)(C)C(=O)Oc1c(C)cccc1C,1.039602434
*CC(*)(C)C(=O)Oc1ccc(C#N)cc1,1.126426327
*CC(*)(C)C(=O)Oc1ccc(C(=O)OC)cc1,1.164528174
*CC(*)(C)C(=O)Oc1ccc(CC#N)cc1,1.116884827
*CC(*)(C)C(=O)Oc1ccccc1,1.099424256
*CC(*)(C)c1ccc2ccccc2c1,0.989395044
*CC(*)(CC(=O)OC)C(=O)OC,1.129334605
*CC(*)(CC(=O)OC1CCCCC1)C(=O)OC1CCCCC1,0.987497028
*CC(*)(CC(=O)OCC)C(=O)OCC,1.072165826
*CC(*)(CC(=O)OCC1CCCCC1)C(=O)OCC1CCCCC1,1.013959173
*CC(*)(CC(=O)OCCC)C(=O)OCCC,1.041623299
*CC(*)(CC(=O)OCCC1CCCCC1)C(=O)OCCC1CCCCC1,1.008079519
*CC(*)(CC(=O)OCCCC)C(=O)OCCCC,1.022044666
*CC(*)(CC(=O)OCCCC1CCCCC1)C(=O)OCCCC1CCCCC1,1.006667282
*CC(*)(CC(=O)OCCCCCCCC)C(=O)OCCCCCCCC,0.954492402
*CC(*)(CC(=O)OCCCCCCCCC)C(=O)OCCCCCCCCC,0.946548067
*CC(*)(CC(=O)OCCCc1ccccc1)C(=O)OCCCc1ccccc1,1.119451787
*CC(*)(CC(=O)OCCc1ccccc1)C(=O)OCCc1ccccc1,1.130052948
*CC(*)(CC(=O)OCc1ccccc1)C(=O)OCc1ccccc1,1.151577723
*CC(*)(CC(=O)Oc1ccc(OCCCCCCC)cc1)C(=O)Oc1ccc(OCCCCCCC)cc1,1.051565254
*CC(*)(CC(=O)Oc1ccccc1)C(=O)Oc1ccccc1,1.158608395
*CC(*)(CC)C(=O)OCC,0.972122176
*CC(*)(CCC(C)C(=O)OC)C(=O)OC,1.042726823
*CC(*)(Cl)Cl,1.610770482
*CC(*)C(=O)N(C)C,1.073801453
*CC(*)C(=O)N1CCCCC1,1.040542744
*CC(*)C(=O)N1CCOCC1,1.139923204
*CC(*)C(=O)NC(C)C,1.008805527
*CC(*)C(=O)OC(CC)CC,0.9720182
*CC(*)C(=O)OC(OCC)C(F)(F)F,1.286700483
*CC(*)C(=O)OC1CCCCC1,1.016583768
*CC(*)C(=O)OC1CCCCCCCCCCC1,0.962713613
*CC(*)C(=O)OCC(C)(C)C,0.963513972
*CC(*)C(=O)OCC(C)O,1.147339655
*CC(*)C(=O)OCCC#N,1.158051852
*CC(*)C(=O)OCCO,1.225132744
*CC(*)C(=O)OCCc1ccccc1,1.114090612
*CC(*)C(=O)OCc1ccc(C#N)cc1,1.150101385
*CC(*)C(=O)OCc1ccccc1,1.135763036
*CC(*)C(=O)Oc1c(Cl)c(Cl)c(Cl)c(Cl)c1Cl,1.559789955
*CC(*)C(=O)Oc1ccc(-c2ccccc2)cc1,1.152249555
*CC(*)C(=O)Oc1ccc(C#N)cc1,1.183986714
*CC(*)C(=O)Oc1ccc(C(=O)OC)cc1,1.200460801
*CC(*)C(=O)Oc1ccc(C(=O)OCC)cc1,1.168794946
*CC(*)C(=O)Oc1ccc(C(=O)OCCCC)cc1,1.126542992
*CC(*)C(=O)Oc1ccc(Cl)cc1Cl,1.36901816
*CC(*)C(=O)Oc1ccc(OC)cc1,1.172544176
*CC(*)C(=O)Oc1cccc(C(=O)OC)c1,1.206588234
*CC(*)C(=O)Oc1cccc(C(=O)OCC)c1,1.166635876
*CC(*)C(=O)Oc1cccc(N(C)C)c1,1.15007506
*CC(*)C(=O)Oc1ccccc1,1.159695123
*CC(*)C(=O)Oc1ccccc1C(=O)OC,1.217023565
*CC(*)C(=O)Oc1ccccc1C(=O)OCC,1.174569494
*CC(*)C(=O)n1c2ccccc2c2ccccc21,1.166386752
*CC(*)C(N)=O,1.263155414
*CC(*)C=C,0.865584799
*CC(*)OCCCCCCCC,
*CC(*)OCCCCCCCCCC,
*CC(=C)COCC(=C)COC(=O)O*,1.155178424
*CC(C)(C)COC(=O)CCC(=O)O*,1.115437049
*CC(C)(CCC)C(=O)O*,0.977575428
*CC(C)CNC(=O)O*,1.12616874
*CC(CCl)O*,1.33405247
*CC(COCCCC)O*,
*CC(COCCCCCC)O*,
*CC*,0.837971504
*CC/C=C(/*)Cl,1.20676381
*CC/C=C(\*)C,0.879252837
*CC/C=C(\*)Cl,1.197366557
*CC1(C)CC(*)(C)C(=O)OC1=O,1.134708881
*CC1CC(*)OC(CCC)O1,1.00771137
*CC1CCC(COC(=O)CCC(=O)O*)CC1,1.095695892
*CC1CCC(COC(=O)CCCCCCCCC(=O)O*)CC1,1.015688244
*CC=C(C*)CC,
*CC=C(C*)CCC,
*CC=C(C*)CCCC,
*CCC(C)CO*,0.951690982
*CCC(c1ccccc1)C(*)c1ccccc1,0.981231624
*CCC=C(*)C,0.879267279
*CCC=C(*)Cl,1.195057514
*CCCC(=O)N*,1.127730068
*CCCCCC(=O)O*,1.05306867
*CCCCCCC(=O)N*,1.007716443
*CCCCCCCCC(=O)N*,0.967908774
*CCCCCCCCCC(=O)N*,0.953326288
*CCCCCCCCCCC(=O)N(*)C,0.943846152
*CCCCCCCCCCCC(=O)N*,0.934153202
*CCCCCCCCCCCCC(=O)N*,0.930849554
*CCCCCCCCCCCCNC(=O)CCCCCCCCCCC(=O)N*,0.938539349
*CCCCCCCCCCCCNC(=O)CCCCCCCCCCCCCCCCCCC(=O)N*,0.913331359
*CCCCCCCCCCCCSC(=O)S*,1.024034539
*CCCCCCCCCCCNC(=O)CCCCC(=O)N*,0.985499697
*CCCCCCCCCCN1C(=O)C2C3C=CC(C4C(=O)N(*)C(=O)C34)C2C1=O,1.115283233
*CCCCCCCCCNC(=O)c1ccc(C(=O)N*)cc1,1.067236111
*CCCCCCCCCSC(=O)S*,1.067551023
*CCCCCCCCNC(=O)CCCCCCCCC(=O)N*,0.968044043
*CCCCCCCCO*,
*CCCCCCCCOC(=O)c1cccc(C(=O)O*)c1,1.094982437
*CCCCCCN1C(=O)c2ccc(C(c3ccc4c(c3)C(=O)N(*)C4=O)(C(F)(F)F)C(F)(F)F)cc2C1=O,1.288680122
*CCCCCCNC(=O)c1ccc(C2(C)CC(C)(C)c3ccc(C(=O)N*)cc32)cc1,1.041144622
*CCCCCCNC(=O)c1cccc(C(=O)N*)c1,1.109504305
*CCCCCCOC(=O)CCCCCCCC(=O)O*,1.015595931
*CCCCCCOC(=O)CCCCCCCCC(=O)O*,1.007846324
*CCCCCCOC(=O)Nc1ccc(C)c(NC(=O)OCCCCCCOc2ccc(-c3ccc(O*)cc3)cc2)c1,1.118434945
*CCCCCCOC(=O)c1ccc(-c2ccc(C(=O)O*)cc2)cc1,1.134208413
*CCCCCCOC(=O)c1ccc(C(=O)O*)cc1,1.133047244
*CCCCCCOC(=O)c1ccc2cc(C(=O)O*)ccc2c1,1.146197488
*CCCCCCS(*)(=O)=O,1.156037345
*CCCCCCS(=O)(=O)c1ccc(/N=N/c2ccc(N(C)CCCCCC(=O)O*)cc2)cc1,1.129755307
*CCCCCOC(=O)c1ccc2cc(C(=O)O*)ccc2c1,1.167601884
*CCCCNC(=O)CCCCC(=O)N*,1.083299251
*CCCCNC(=O)CCCCCCC(=O)N*,1.039221522
*CCCCNC(=O)CCCCCCCCC(=O)N*,1.014070913
*CCCCO*,0.972439816
*CCCCOC(=O)CCC(=O)O*,1.154960967
*CCCCOC(=O)CCCCC(=O)O*,1.098279802
*CCCCOC(=O)c1ccc2cc(C(=O)O*)ccc2c1,1.188931644
*CCCCOc1ccc(C(=O)OCCOC(=O)c2ccc(O*)cc2)cc1,1.19443613
*CCCO*,
*CCCOC(=O)c1ccc(C(=O)O*)cc1,1.225085012
*CCCOC(=O)c1ccc2cc(C(=O)O*)ccc2c1,1.218378703
*CCCS(=O)(=O)c1ccc(/N=N/c2ccc(N(CCCC)CC(=O)O*)cc2)cc1,1.17835506
*CCCSS*,1.238118081
*CCC[Si](*)(C)C,
*CCOC(=O)C1CCC(C(=O)O*)CC1,1.143004225
*CCOC(=O)NCC1(C)CC(NC(=O)O*)CC(C)(C)C1,1.089306467
*CCOC(=O)c1ccc(C(=O)O*)c2ccccc12,1.278256039
*CCOC(=O)c1cccc2c(C(=O)O*)cccc12,1.280732292
*CCOCC(=O)O*,1.268466225
*CCOCCOC(=O)c1ccc(-c2ccc(C(=O)O*)cc2)cc1,1.215132769
*CCOCCOC(=O)c1cccc(C(=O)O*)c1,1.245569001
*CCOc1ccc(C(=O)OCCOC(=O)c2ccc(O*)cc2)cc1,1.239214752
*CCS*,1.177956772
*CCc1cc(C)c(*)cc1C,0.963046372
*CCc1ccc(*)c(C)c1,1.00278747
*CCc1ccc(*)c(Cl)c1,1.197077899
*CS*,1.336947333
*C[Si](*)(C)C,
*Cc1cc(*)c(O)cc1C,1.098554283
*Cc1cc(C(C)(C)c2ccc3c(c2)CN(C)CO3)cc(CN(*)C)c1O,1.087875668
*Cc1ccc2[nH]c(-c3ccc4c(c3)-c3cc(-c5nc6cc(*)ccc6[nH]5)ccc3S4(=O)=O)nc2c1,1.209738995
*Cc1ccc2[nH]c(-c3ccc4sc5ccc(-c6nc7cc(*)ccc7[nH]6)cc5c4c3)nc2c1,1.206598942
*Cc1cccc(CNC(=O)CCCCC(=O)N*)c1,1.139825525
*N(C(=O)CCCCC(=O)N(CCCCCC*)C)C,1.018654286
*N(C(=O)CCCCC(=O)NCCCCCC*)C,1.018037716
*N(C(=O)c1ccc(cc1)C(=O)N(CCCC*)C)C,1.101612309
*N1C(=O)c2c(C1=O)cc(cc2)Oc1cc2c(C(=O)N(C2=O)CCCCCC*)cc1,1.227589336
*N1C(=O)c2c(C1=O)cc(cc2)Oc1cc2c(C(=O)N(C2=O)c2ccc(cc2)Cc2ccc(cc2)*)cc1,1.232070271
*N1C(=O)c2c(C1=O)cc(cc2)Oc1cc2c(C(=O)N(C2=O)c2ccc(cc2)Oc2c3c(ccc2)c(ccc3)Oc2ccc(cc2)*)cc1,1.241250034
*N1C(=O)c2c(C1=O)cc(cc2)Oc1cc2c(C(=O)N(C2=O)c2ccc(cc2)c2ccc(cc2)*)cc1,1.23593461
*N1C(=O)c2c(C1=O)cc(cc2)Oc1ccc(cc1)S(=O)(=O)c1ccc(cc1)Oc1cc2c(C(=O)N(C2=O)c2cc(ccc2)*)cc1,1.284993708
*N1C(=O)c2c(C1=O)cc(cc2)Oc1ccc(cc1)S(=O)(=O)c1ccc(cc1)Oc1cc2c(C(=O)N(C2=O)c2cc(ccc2)S(=O)(=O)c2cc(ccc2)*)cc1,1.297529725
*N1C(=O)c2c(C1=O)cc(cc2)Oc1ccc(cc1)S(=O)(=O)c1ccc(cc1)Oc1cc2c(C(=O)N(C2=O)c2ccc(cc2)Oc2ccc(cc2)*)cc1,1.275034449
*N1C(=O)c2c(C1=O)cc(cc2)c1cc2c(C(=O)N(C2=O)c2ccc(cc2)Sc2ccc(cc2)*)cc1,1.250402987
*N1C(=O)c2c(C1=O)cc(cc2)c1cc2c(C(=O)N(C2=O)c2ccc(cc2)c2ccc(cc2)*)cc1,1.230326659
*N1C(CCC1)C(=O)*,1.145243929
*N=P(*)(OCC(F)(F)F)OCC(F)(F)F,1.651958224
*NC(=O)C*,1.369447371
*NC(=O)CCCCC(=O)NCCCCCC*,1.044116952
*NC(=O)CCCCC*,1.03275758
*NC(=O)CCCCCCC*,0.982123104
*NC(=O)CCCCCCCCC(=O)NCCCCCC*,0.995086638
*NC(=O)CCCCCCCCCC*,0.942641615
*NC(=O)NCCCCCC*,1.028709227
*NC(=O)NCCCCCCNC(=O)Nc1ccc(cc1)Cc1ccc(cc1)*,1.122795344
*NC(=O)NCc1ccc(cc1)CNC(=O)NCCCCCC*,1.118167941
*NC(=O)Nc1ccc(cc1)Cc1ccc(cc1)*,1.15509391
*NC(=O)c1cc(ccc1)C(=O)Nc1ccc(cc1)c1ccc(cc1)*,1.197547175
*NC(=O)c1ccc(cc1)C(=O)NCCCCCC*,1.117494398
*NC(=O)c1ccc(cc1)C(=O)Nc1ccc(cc1)*,1.255555241
*NC(=O)c1ccc(cc1)C(=O)Nc1ccc(cc1)c1ccc(cc1)*,1.209706739
*NC(=O)c1ccc(cc1)C(c1ccc(cc1)C(=O)NCCCCCC*)(C)C,1.067141423
*NC(=O)c1ccc(cc1)CC(=O)NCCC*,1.176155999
*NC(=O)c1ccc(cc1)CC(=O)NCCCCCC*,1.107782256
*NC(=O)c1ccc(cc1)c1ccc(cc1)C(=O)NCCCCCC*,1.119969092
*NC(C(=O)*)C,1.157414618
*NC(C(=O)*)CCC(=O)OCc1ccccc1,1.183555324
*NC(CCC(=O)OC)C(*)=O,1.214403667
*NC(CCC(=O)OCC)C(*)=O,1.16338802
*NC(CCC(=O)OCCC)C(*)=O,1.127131081
*NC(CCC(=O)OCCCCC)C(*)=O,1.07025453
*NC(CCC(=O)OCCCCCC)C(*)=O,1.044189532
*NC1CC(C)(C)CC(C)(CNC(=O)CCCCC(*)=O)C1,1.024946752
*NC1CCC(CC2CCC(NC(=O)CCCCCCCCCCCCC(*)=O)CC2)CC1,0.965050795
*N[Si](*)(C)C,
*Nc1ccc(NC(=O)c2cc(C(*)=O)c(C(=O)OCC)cc2C(=O)OCC)cc1,1.205426081
*Nc1ccc(cc1)*,1.203537777
*Nc1cccc(C(O)Cc2ccc(NC(=O)c3ccc(C(*)=O)cc3)cc2)c1,1.211930902
*OC(=O)CCC(=O)OCC*,1.246335829
*OC(=O)CCCCCCCCC(=O)OCC*,1.057392621
*OC(=O)CCCCCNC(=O)CCCCC(=O)NCCCCCC(=O)OCCCCCC*,1.050883779
*OC(=O)NCC(C(C(C(CNC(=O)OCCCC*)(F)F)(F)F)(F)F)(F)F,1.482697952
*OC(=O)NCCCCC*,1.101397289
*OC(=O)NCCCCCCNC(=O)OCCCC*,1.107872925
*OC(=O)Nc1c2c(ccc1)c(ccc2)NC(=O)OCC*,1.279596762
*OC(=O)Nc1cc(ccc1)NC(=O)OCC*,1.331542248
*OC(=O)Nc1ccc(cc1)Cc1ccc(cc1)NC(=O)OCCCCCC*,1.151383671
*OC(=O)Nc1ccc(cc1)Cc1ccc(cc1)NC(=O)OCc1cc(ccc1)C*,1.201795395
*OC(=O)Nc1ccc(cc1)NC(=O)OCC*,1.317378403
*OC(=O)Nc1ccc(cc1)NC(=O)OCCCCCC*,1.184271643
*OC(=O)Nc1ccc(cc1)c1ccc(cc1)NC(=O)OCC*,1.262967845
*OC(=O)OCC(C(C(C(C*)(F)F)(F)F)(F)F)(F)F,1.68320529
*OC(=O)OCCCCCC*,1.07671508
*OC(=O)OCc1ccc(cc1)C*,1.223791314
*OC(=O)c1cc(ccc1)C(=O)OCC*,1.261721783
*OC(=O)c1cc2c(cc1)cc(cc2)C(=O)OCC*,1.247957049
*OC(=O)c1cc2c(cc1)ccc(c2)C(=O)OCC*,1.252920519
*OC(=O)c1ccc(cc1)C(=O)NCCNC(=O)c1ccc(cc1)C(=O)OCCCCCCCCCC*,1.120724694
*OC(=O)c1ccc(cc1)C(=O)OCC*,1.261154371
*OC(=O)c1ccc(cc1)C(=O)OCCCC*,1.189183518
*OC(=O)c1ccc(cc1)c1ccc(cc1)C(=O)OCC*,1.216011342
*OC(=O)c1ccc(cc1)c1ccc(cc1)C*,1.159458454
*OC(C)C(*)=O,1.143181088
*OC(C)CC(*)=O,1.127753263
*OC(C)COC(*)=O,1.202638184
*OC(C*)C,1.011307994
*OC(F)(F)C(F)(F)C(*)(F)F,1.851480396
*OC1C(CO)OC(*)C(N)C1O,1.311294213
*OC1C(CO)OC(*)C(O)C1O,1.328453331
*OC1C(COC(C)=O)OC(*)C(OC(C)=O)C1OC(C)=O,1.165103006
*OCC*,1.105420268
*OS(=O)(=O)c1ccc(*)cc1,1.433690549
*O[Si](*)(C)C,
*O[Si](*)(C)CCC(F)(F)F,
*O[Si](*)(C)c1ccccc1,
*O[Si](*)(CC)CC,
*Oc1c(-c2ccccc2)cc(*)cc1-c1ccccc1,1.070064482
*Oc1c(Br)cc(C(C)(C)c2cc(Br)c(OC(*)=O)c(Br)c2)cc1Br,1.815896982
*Oc1c(C)cc(C(C)(C)c2cc(C)c(OC(*)=O)c(C)c2)cc1C,1.002192304
*Oc1c(C)cc(C(C)(C)c2cc(C)c(ON3C(=O)c4ccc(Oc5ccc(C6(c7ccc(Oc8ccc9c(c8)C(=O)N(*)C9=O)cc7)CCC(C(C)(C)C)CC6)cc5)cc4C3=O)c(C)c2)cc1C,1.08647954
*Oc1c(Cl)cc(C(C)(C)c2cc(Cl)c(OC(*)=O)c(Cl)c2)cc1Cl,1.319483933
*Oc1c(OC)cc(*)cc1OC,1.179002973
*Oc1c(cc(cc1)C(c1ccc(cc1)C(c1cc(c(cc1)OC(=O)*)C)(C)C)(C)C)C,1.037025858
*Oc1c(cc(cc1)OC(=O)c1ccc(cc1)c1ccc(cc1)C(=O)*)C,1.191900763
*Oc1c(cc(cc1C)*)C,1.005290106
*Oc1c2c(ccc1)c(ccc2)OC(=O)Oc1ccc(cc1)OC(=O)*,1.296405101
*Oc1cc(C(C)(C)C)c(Oc2ccc(C(=O)Nc3c(C)cc(C(C)(C)c4cc(C)c(NC(=O)c5ccc(*)cc5)c(C)c4)cc3C)cc2)cc1C(C)(C)C,1.001547997
*Oc1cc(C(C)(C)C)c(Oc2ccc(C(=O)Nc3c(C)cc(Cc4cc(C)c(NC(=O)c5ccc(*)cc5)c(C(C)C)c4)cc3C(C)C)cc2)cc1C(C)(C)C,0.980385328
*Oc1cc(C(C)(C)C)c(Oc2ccc(C(=O)Nc3ccc(C(C)(C)c4ccc(NC(=O)c5ccc(*)cc5)c(C)c4)cc3C)cc2)cc1C(C)(C)C,1.022213738
*Oc1cc(C(C)(C)C)c(Oc2ccc(C(=O)Nc3ccc(C(C)(C)c4ccc(NC(=O)c5ccc(*)cc5)cc4)cc3)cc2)cc1C(C)(C)C,1.043215521
*Oc1cc(C(C)(C)C)c(Oc2ccc(C(=O)Nc3ccc(C(c4ccc(NC(=O)c5ccc(*)cc5)cc4)(C(F)(F)F)C(F)(F)F)cc3)cc2)cc1C(C)(C)C,1.135045356
*Oc1cc(C)c(*)c(C)c1Br,1.421050088
*Oc1cc(ccc1)CCCCCCCCCCc1cc(ccc1)OC(=O)*,1.053440137
*Oc1cc2c(cc1)ccc(c2)OC(=O)Oc1ccc(cc1)OC(=O)*,1.30756147
*Oc1ccc(-c2ccc(OC(=O)CCCCCCC(*)=O)cc2)cc1,1.147470002
*Oc1ccc(-c2ccc(OC(=O)CCCCCCCC(*)=O)cc2)cc1,1.127920817
*Oc1ccc(-c2ccc(OC(=O)CCCCCCCCC(*)=O)cc2)cc1,1.112212656
*Oc1ccc(-c2ccc(OC(=O)CCCCCCCCCC(*)=O)cc2)cc1,1.096091641
*Oc1ccc(-c2ccc(OC(=O)CCCCCCCCCCC(*)=O)cc2)cc1,1.074880475
*Oc1ccc(-c2ccc(OC(=O)CCCCCCCCCCCC(*)=O)cc2)cc1,1.067563249
*Oc1ccc(-c2ccc(OC(=O)CCCCCCCCCCCCC(*)=O)cc2)cc1,1.055075595
*Oc1ccc(C(=C(Cl)Cl)c2ccc(OC(*)=O)cc2)cc1,1.309864067
*Oc1ccc(C(=O)Nc2cccc(C(O)Cc3ccc(NC(=O)c4ccc(*)cc4)cc3)c2)cc1,1.212798199
*Oc1ccc(C(=O)c2ccc(*)cc2)cc1,1.189618201
*Oc1ccc(C(C)(C)c2ccc(OC(*)=O)c(C(C)C)c2)cc1C(C)C,1.004973052
*Oc1ccc(C(C)(C)c2ccc(OC(*)=O)c(C)c2)cc1C,1.071059114
*Oc1ccc(C(C)(C)c2ccc(OC(*)=O)c(CC)c2)cc1CC,1.042006546
*Oc1ccc(C(C)(C)c2ccc(OC(=O)SCCCCCCSC(*)=O)cc2)cc1,1.147142464
*Oc1ccc(C(C)(C)c2ccc(OC(=O)SCCCSC(*)=O)cc2)cc1,1.187060668
*Oc1ccc(C(C)(C)c2ccc(OC(=O)Sc3ccc(C(C)(C)c4ccc(SC(*)=O)cc4)cc3)cc2)cc1,1.146463028
*Oc1ccc(C(C)(C)c2ccc(OC(=O)c3ccc(C(=O)c4ccc(C(*)=O)cc4)cc3)cc2)cc1,1.162597364
*Oc1ccc(C(C)(C)c2ccc(OC(=O)c3ccccc3/C=C/c3ccc(/C=C/c4ccccc4C(*)=O)cc3)c(C)c2)cc1C,1.085604157
*Oc1ccc(C(C)(C)c2ccc(OC(=O)c3ccccc3/C=C/c3ccc(/C=C/c4ccccc4C(*)=O)cc3)cc2)cc1,1.113129096
*Oc1ccc(C(C)(CCC#N)c2ccc(OC(*)=O)c(C)c2)cc1C,1.073618602
*Oc1ccc(C(C)(CCC#N)c2ccc(OC(*)=O)cc2)cc1,1.128123384
*Oc1ccc(C(C)(CCC)c2ccc(OC(*)=O)cc2)cc1,1.074574897
*Oc1ccc(C(C)(c2ccccc2)c2ccc(OC(*)=O)cc2)cc1,1.123680096
*Oc1ccc(C(C)(c2ccccc2)c2ccc(OC(=O)c3cccc(C(*)=O)c3)cc2)cc1,1.14435786
*Oc1ccc(C(CCC)(CCC)c2ccc(OC(*)=O)c(C)c2)cc1C,0.972761341
*Oc1ccc(C(CCC)(CCC)c2ccc(OC(*)=O)cc2)cc1,1.015922365
*Oc1ccc(C(CCCC)(CCCC)c2ccc(OC(*)=O)cc2)cc1,1.002496135
*Oc1ccc(C(c2ccc(Oc3ccc(C(=O)c4cccc(C(=O)c5ccc(*)cc5)c4)cc3)cc2)(C(F)(F)F)C(F)(F)F)cc1,1.277027535
*Oc1ccc(C(c2ccccc2)(c2ccccc2)c2ccc(OC(=O)c3cccc(C(*)=O)c3)cc2)cc1,1.120952971
*Oc1ccc(C2(c3ccc(OC(*)=O)c(C)c3)CCCCC2)cc1C,1.053045275
*Oc1ccc(C2(c3ccc(OC(*)=O)cc3)CCCCC2)cc1,1.114381568
*Oc1ccc(C2(c3ccc(OC(=O)c4cccc(C(*)=O)c4)cc3)c3ccccc3-c3ccccc32)cc1,1.142864316
*Oc1ccc(NC(=O)c2cc(C(c3ccc(C(=O)O)c(C(=O)Nc4ccc(Oc5ccc(C(c6ccc(*)cc6)(C(F)(F)F)C(F)(F)F)cc5)cc4)c3)(C(F)(F)F)C(F)(F)F)ccc2C(=O)O)cc1,1.344511076
*Oc1ccc(NC(=O)c2ccc(C(c3ccc(C(=O)O)c(C(=O)Nc4cc(*)ccc4N)c3)(C(F)(F)F)C(F)(F)F)cc2C(=O)O)c(N)c1,1.368217726
*Oc1ccc(NC(=O)c2cccc(C(=O)Nc3ccc(*)cc3)c2)cc1,1.224593369
*Oc1ccc(OC(=O)c2cc(OCCCCCCCCCCCC)c(C(*)=O)cc2OCCCCCCCCCCCC)cc1,1.00135856
*Oc1ccc(OC(=O)c2ccccc2/C=C/c2ccc(/C=C/c3ccccc3C(*)=O)cc2)cc1,1.170701737
*Oc1ccc(Oc2ccc(C(=O)c3ccc(C(=O)c4ccc(*)cc4)c4ccccc34)cc2)cc1,1.172687952
*Oc1ccc(Oc2ccc(Oc3ccc(S(=O)(=O)c4ccc(*)cc4)cc3)cc2)cc1,1.248920055
*Oc1ccc(S(=O)(=O)c2ccc(OC(=O)c3ccccc3/C=C/c3ccc(/C=C/c4ccccc4C(*)=O)cc3)cc2)cc1,1.203593144
*Oc1ccc(S(=O)(=O)c2ccc(Oc3c(C)cc(C(C)(C)c4cc(C)c(*)c(C)c4)cc3C)cc2)cc1,1.070009763
*Oc1ccc(S(=O)(=O)c2ccc(Oc3c(C)cc(C(C)(C)c4cc(C)c(*)c(C)c4)cc3C)cc2C(O)(C(F)(F)F)C(F)(F)F)c(C(O)(C(F)(F)F)C(F)(F)F)c1,1.262427505
*Oc1ccc(S(=O)(=O)c2ccc(Oc3c(C)cc(C(c4cc(C)c(*)c(C)c4)(C(F)(F)F)C(F)(F)F)cc3C)cc2)cc1,1.190830229
*Oc1ccc(S(=O)(=O)c2ccc(Oc3ccc(-c4ccc(*)cc4)cc3)cc2)cc1,1.222343047
*Oc1ccc(S(=O)(=O)c2ccc(Oc3ccc(C(=O)c4cc(Br)cc(C(=O)c5ccc(*)cc5)c4)cc3)cc2)cc1,1.339021151
*Oc1ccc(S(=O)(=O)c2ccc(Oc3ccc(C(=O)c4cc(C(=O)c5ccc(*)cc5)cc(C(C)(C)C)c4)cc3)cc2)cc1,1.161898548
*Oc1ccc(S(=O)(=O)c2ccc(Oc3ccc(C(=O)c4cc(I)cc(C(=O)c5ccc(*)cc5)c4)cc3)cc2)cc1,1.433742475
*Oc1ccc(S(=O)(=O)c2ccc(Oc3ccc(C(=O)c4cccc(C(=O)c5ccc(*)cc5)c4)cc3)cc2)cc1,1.236059497
*Oc1ccc(S(=O)(=O)c2ccc(Oc3ccc(C(C)(C)c4ccc(*)c(C(O)(C(F)(F)F)C(F)(F)F)c4)cc3C(O)(C(F)(F)F)C(F)(F)F)cc2)cc1,1.345764376
*Oc1ccc(S(=O)(=O)c2ccc(Oc3ccc(C(C)(C)c4ccc(*)c(C(OC)(C(F)(F)F)C(F)(F)F)c4)cc3C(OC)(C(F)(F)F)C(F)(F)F)cc2)cc1,1.295765969
*Oc1ccc(S(=O)(=O)c2ccc(Oc3ccc(C(C)(C)c4ccc(*)cc4)cc3)c([N+](=O)[O-])c2)cc1[N+](=O)[O-],1.242881691
*Oc1ccc(S(=O)(=O)c2ccc(Oc3ccc(C(C)(C)c4ccc(*)cc4)cc3[N+](=O)[O-])cc2)cc1,1.208636395
*Oc1ccc(S(=O)(=O)c2ccc(Oc3ccc(C(c4ccc(*)cc4)(C(F)(F)F)C(F)(F)F)cc3)cc2)cc1,1.323061114
*Oc1ccc(S(=O)(=O)c2ccc(Oc3ccc(Cc4ccc(*)cc4)cc3)cc2)cc1,1.212082381
*Oc1ccc(SC(=O)Oc2ccc(C(C)(C)c3ccc(OC(=O)Sc4ccc(*)cc4)cc3)cc2)cc1,1.209562721
*Oc1ccc(SC(=O)Sc2ccc(*)cc2)cc1,1.273621231
*Oc1ccc(Sc2ccc(OC(*)=O)cc2)cc1,1.293120554
*Oc1ccc(cc1)C(=O)CCCCCCCCC(=O)c1ccc(cc1)OC(=O)*,1.140448591
*Oc1ccc(cc1)C(c1ccc(cc1)OC(=O)*)(C(F)(F)F)C(F)(F)F,1.384457385
*Oc1ccc(cc1)C(c1ccc(cc1)OC(=O)*)(C)C,1.141156801
*Oc1ccc(cc1)C(c1ccc(cc1)OC(=O)*)(c1ccccc1)C#N,1.157290262
*Oc1ccc(cc1)C(c1ccc(cc1)OC(=O)*)(c1ccccc1)c1ccccc1,1.105355359
*Oc1ccc(cc1)C(c1ccc(cc1)OC(=O)CCCCC(=O)*)(C)C,1.124186495
*Oc1ccc(cc1)C(c1ccc(cc1)OC(=O)c1cc(ccc1)C(=O)*)(C)C,1.151161684
*Oc1ccc(cc1)C(c1ccc(cc1)OC(=O)c1ccc(cc1)C(=O)*)(C)C,1.155215268
*Oc1ccc(cc1)C(c1ccc(cc1)OCC(C*)O)(C)C,1.10386877
*Oc1ccc(cc1)C1(CCCC1)c1ccc(cc1)OC(=O)*,1.143968702
*Oc1ccc(cc1)C1(c2ccccc2c2ccccc12)c1ccc(cc1)OC(=O)*,1.128461031
*Oc1ccc(cc1)OC(=O)Oc1ccc(cc1)c1ccc(cc1)OC(=O)*,1.272056297
*Oc1ccc(cc1)Oc1ccc(cc1)C(=O)c1ccc(cc1)*,1.198377884
*Oc1ccc(cc1)S(=O)(=O)c1ccc(cc1)*,1.28108858
*Oc1ccc(cc1)S(=O)(=O)c1ccc(cc1)OC(=O)*,1.338016033
*Oc1ccc(cc1)S(=O)(=O)c1ccc(cc1)OC(=O)c1ccc(cc1)C(=O)*,1.295290371
*Oc1ccc(cc1)S(=O)(=O)c1ccc(cc1)Oc1ccc(cc1)C(c1ccc(cc1)*)(C)C,1.170201666
*Oc1ccc(cc1)c1ccc(cc1)OC(=O)CCCCCC(=O)*,1.161102833
*Oc1ccc2[nH]c(-c3ccc4c(c3)-c3cc(-c5nc6cc(*)ccc6[nH]5)ccc3S4(=O)=O)nc2c1,1.242048901
*Oc1ccc2[nH]c(-c3ccc4sc5ccc(-c6nc7cc(*)ccc7[nH]6)cc5c4c3)nc2c1,1.25041767
*Oc1ccc2c(c1)C1(CC2(C)C)CC(C)(C)c2ccc(OC(*)=O)cc21,1.054952503
*Oc1ccc2c(c1)C1(CC2(C)C)CC(C)(C)c2ccc(OC(=O)c3ccc(C(*)=O)cc3)cc21,1.075103554
*Oc1ccc2c(c1)C1(CC2(C)C)CC(C)(C)c2ccc(OC(=O)c3cccc(C(*)=O)c3)cc21,1.088262536
*Oc1ccc2c(c1)nc1c3cc4c(=O)n5c6cc(*)ccc6nc5c4cc3c(=O)n21,1.307297478
*Oc1ccc2c(c1)nc1n2C(=O)c2ccc(-c3ccc4c(c3)C(=O)n3c-4nc4ccc(*)cc43)cc2-1,1.266039427
*Oc1ccc2ccc(OC(=O)c3ccccc3/C=C/c3ccc(/C=C/c4ccccc4C(*)=O)cc3)cc2c1,1.174043238
*Oc1cccc(OC(=O)c2ccccc2/C=C/c2ccc(/C=C/c3ccccc3C(*)=O)cc2)c1,1.152283822
*Oc1cccc(Oc2cccc(*)c2)c1C#N,1.208287072
*Oc1cccc(S(=O)(=O)c2ccc(*)cc2)c1,1.288531372
*Oc1cccc2c(OC(=O)c3ccccc3/C=C/c3ccc(/C=C/c4ccccc4C(*)=O)cc3)cccc12,1.159483638
*Oc1cccc2ccc(OC(=O)c3ccccc3/C=C/c3ccc(/C=C/c4ccccc4C(*)=O)cc3)cc12,1.161362337
*Oc1ccccc1OC(=O)c1ccccc1/C=C/c1ccc(/C=C/c2ccccc2C(*)=O)cc1,1.154343518
*S(=O)(=O)c1ccc(cc1)NC(=O)CCCCC(=O)Nc1ccc(cc1)*,1.254164268
*Sc1ccc(Cc2ccc(SC(*)=O)cc2)cc1,1.226614486
*Sc1ccc(cc1)*,1.261029827
*c1c(C)c(C)c(-n2c(=O)c3cc4c(=O)n(*)c(=O)c4cc3c2=O)c(C)c1C,0.999149898
*c1c(C)cc(C(c2cc(C)c(N3C(=O)c4ccc(-c5ccc6c(c5)C(=O)N(*)C6=O)cc4C3=O)c(C)c2)c2cccc3ccccc23)cc1C,1.048715077
*c1cc(Br)c(OC(=O)c2ccc(C(=O)Oc3c(Br)cc(C4(*)OC(=O)c5ccccc54)cc3Br)cc2)c(Br)c1,1.625018685
*c1cc(C(c2ccc(O)c(-n3c(=O)c4cc5c(=O)n(*)c(=O)c5cc4c3=O)c2)(C(F)(F)F)C(F)(F)F)ccc1O,1.357726456
*c1cc(C(c2ccc(O)c(N3C(=O)c4ccc(-c5ccc6c(c5)C(=O)N(*)C6=O)cc4C3=O)c2)(C(F)(F)F)C(F)(F)F)ccc1O,1.2976353
*c1cc(C(c2ccc(O)c(N3C(=O)c4ccc(Oc5ccc6c(c5)C(=O)N(*)C6=O)cc4C3=O)c2)(C(F)(F)F)C(F)(F)F)ccc1O,1.344261415
*c1cc(CCCC)c(*)s1,1.036409942
*c1cc2c(C(=O)N(C2=O)c2cc(ccc2)C(=O)c2cc(ccc2)N2C(=O)c3c(C2=O)cc(cc3)C(=O)*)cc1,1.261274943
*c1cc2c(C(=O)N(C2=O)c2cc(ccc2)NC(=O)c2cc(ccc2)N2C(=O)c3c(C2=O)cc(cc3)C(=O)*)cc1,1.277306466
*c1cc2c(C(=O)N(C2=O)c2cc(ccc2)OCCOCCOc2cc(ccc2)N2C(=O)c3c(C2=O)cc(cc3)C(=O)*)cc1,1.277701247
*c1cc2c(C(=O)N(C2=O)c2ccc(cc2)C(=O)NCCCCCCNC(=O)*)cc1,1.208959693
*c1cc2c(C(=O)N(C2=O)c2ccc(cc2)Oc2ccc(cc2)N2C(=O)c3c(C2=O)cc(cc3)C(C(C(*)(F)F)(F)F)(F)F)cc1,1.358626774
*c1cc2c(C(=O)N(C2=O)c2ccc(cc2)Oc2ccc(cc2)NC(=O)*)cc1,1.264285557
*c1cc2c(C(=O)N(C2=O)c2ccc(cc2)S(=O)(=O)c2ccc(cc2)N2C(=O)c3c(C2=O)cc(cc3)C(=O)Nc2ccc(cc2)NC(=O)*)cc1,1.292534878
*c1cc2c(C(=O)N(C2=O)c2ccc(cc2)S(=O)(=O)c2ccc(cc2)N2C(=O)c3c(C2=O)cc(cc3)C(=O)Nc2ccc(cc2)Oc2ccc(cc2)NC(=O)*)cc1,1.279176196
*c1ccc(*)s1,1.283756133
*c1ccc(-c2ccc(-c3ccc(N4C(=O)c5ccc(-c6ccc7c(c6)C(=O)N(*)C7=O)cc5C4=O)cc3)cc2)cc1,1.18947831
*c1ccc(-c2ccc(-n3c(=O)c4cc5c(=O)n(*)c(=O)c5cc4c3=O)c(C)c2)cc1C,1.085667358
*c1ccc(-c2ccc(-n3c(=O)c4cc5c(=O)n(*)c(=O)c5cc4c3=O)c(OC)c2)cc1OC,1.102881086
*c1ccc(-c2ccc(-n3c(=O)c4cc5c(=O)n(*)c(=O)c5cc4c3=O)cc2C(F)(F)F)c(C(F)(F)F)c1,1.23558415
*c1ccc(-c2ccc(-n3c(=O)c4cc5c(=O)n(*)c(=O)c5cc4c3=O)cc2OC(F)(F)F)c(OC(F)(F)F)c1,1.340617278
*c1ccc(-c2ccc(N3C(=O)c4cc5c(cc4C3=O)C(C(F)(F)F)(C(F)(F)F)c3cc4c(cc3O5)C(=O)N(*)C4=O)cc2C(F)(F)F)c(C(F)(F)F)c1,1.258323544
*c1ccc(-c2ccc(N3C(=O)c4cc5c(cc4C3=O)C(C(F)(F)F)(C(F)(F)F)c3cc4c(cc3O5)C(=O)N(*)C4=O)cc2OC(F)(F)F)c(OC(F)(F)F)c1,1.308167258
*c1ccc(-c2ccc(N3C(=O)c4ccc(-c5ccc6c(c5)C(=O)N(*)C6=O)cc4C3=O)c(C)c2)cc1C,1.130906275
*c1ccc(-c2ccc(N3C(=O)c4ccc(-c5ccc6c(c5)C(=O)N(*)C6=O)cc4C3=O)c(OC)c2)cc1OC,1.132406041
*c1ccc(-c2ccc(N3C(=O)c4ccc(-c5ccc6c(c5)C(=O)N(*)C6=O)cc4C3=O)cc2C(F)(F)F)c(C(F)(F)F)c1,1.235348797
*c1ccc(-c2ccc(N3C(=O)c4ccc(-c5cccc6c5C(=O)N(*)C6=O)cc4C3=O)c(C)c2)cc1C,1.114037498
*c1ccc(-c2ccc(N3C(=O)c4ccc(-c5cccc6c5C(=O)N(*)C6=O)cc4C3=O)cc2C(F)(F)F)c(C(F)(F)F)c1,1.241363139
*c1ccc(-c2ccc(N3C(=O)c4ccc(-c5cccc6c5C(=O)N(*)C6=O)cc4C3=O)cc2C)c(C)c1,1.114377047
*c1ccc(-c2ccc(Oc3ccc(C4(C)CC(C)(C)c5ccc(Oc6ccc(-c7ccc(N8C(=O)c9ccc(Oc%10ccc%11c(c%10)C(=O)N(*)C%11=O)cc9C8=O)cc7)cc6C(F)(F)F)cc54)cc3)c(C(F)(F)F)c2)cc1,1.205587594
*c1ccc(-c2nc3cc(-c4ccc5nc(*)c(-c6ccc7ccccc7c6)nc5c4)ccc3nc2-c2ccc3ccccc3c2)cc1,1.072232309
*c1ccc(-c2nc3cc(-c4ccc5nc(*)c(-c6ccccc6)nc5c4)ccc3nc2-c2ccccc2)cc1,1.056649095
*c1ccc(-c2nc3cc(-c4ccc5nc(-c6ccccc6)c(*)nc5c4)ccc3nc2-c2ccccc2)cc1,1.056458614
*c1ccc(-c2sc(-c3ccc(-n4c(=O)c5cc6c(=O)n(*)c(=O)c6cc5c4=O)cc3)c(-c3ccccc3)c2-c2ccccc2)cc1,1.124308327
*c1ccc(-n2c(=O)c3cc4c(=O)n(*)c(=O)c4cc3c2=O)c(C)c1,1.159593797
*c1ccc(C(=O)Nc2ccc(-n3c(=O)c4cc5c(=O)n(*)c(=O)c5cc4c3=O)cc2)cc1,1.312416633
*c1ccc(C(=O)Oc2ccc(-n3c(=O)c4cc5c(=O)n(*)c(=O)c5cc4c3=O)cc2)cc1,1.318962202
*c1ccc(C(=O)Oc2ccc(N3C(=O)c4ccc(-c5ccc6c(c5)C(=O)N(*)C6=O)cc4C3=O)cc2)cc1,1.281208701
*c1ccc(C(C)(C)c2ccc(C(C)(C)c3ccc(N4C(=O)c5ccc(Oc6ccc7c(c6)C(=O)N(*)C7=O)cc5C4=O)cc3)cc2)cc1,1.117686372
*c1ccc(C(C)(C)c2ccc(N3C(=O)c4ccc(Oc5ccc6c(c5)C(=O)N(*)C6=O)cc4C3=O)cc2)cc1,1.188319624
*c1ccc(C(Cl)(Cl)C(*)Cl)cc1,1.388472271
*c1ccc(C(c2ccc(-c3nc4cc(-c5ccc6nc(*)[nH]c6c5)ccc4[nH]3)cc2)(C(F)(F)F)C(F)(F)F)cc1,1.234290717
*c1ccc(C(c2ccc(-c3nc4ccc(-c5ccc6nc(*)[nH]c6c5)cc4[nH]3)cc2)(C(F)(F)F)C(F)(F)F)cc1,1.236638312
*c1ccc(C(c2ccc(N3C(=O)c4cc5c(cc4C3=O)C(C(F)(F)F)(C(F)(F)F)c3cc4c(cc3O5)C(=O)N(*)C4=O)cc2)(C(F)(F)F)C(F)(F)F)cc1,1.308883696
*c1ccc(C(c2ccccc2)(c2ccc(-n3c(=O)c4cc5c(=O)n(*)c(=O)c5cc4c3=O)cc2)C(F)(F)F)cc1,1.203851883
*c1ccc(C)c(N2C(=O)c3ccc(-c4ccc5c(c4)C(=O)N(*)C5=O)cc3C2=O)c1,1.184934256
*c1ccc(Cc2ccc(-n3c(=O)c4cc5c(=O)n(*)c(=O)c5cc4c3=O)c(C)c2)cc1C,1.13806991
*c1ccc(Cc2ccc(N(*)Cc3ccccc3)cc2)cc1,1.08968454
*c1ccc(Cc2ccc(N3C(=O)C4CCC5C(=O)N(*)C(=O)C5C4C3=O)c(C)c2)cc1C,1.113927188
*c1ccc(Cc2ccc(N3C(=O)c4ccc(-c5ccc6c(c5)C(=O)N(*)C6=O)cc4C3=O)c(C)c2)cc1C,1.128546241
*c1ccc(Cc2ccc(N3C(=O)c4ccc(-c5ccc6c(c5)C(=O)N(*)C6=O)cc4C3=O)cc2)cc1,1.211868653
*c1ccc(Cc2ccc(N3C(=O)c4ccc(Oc5ccc(C6(c7ccc(Oc8ccc9c(c8)C(=O)N(*)C9=O)cc7)CCCCCCCCCCC6)cc5)cc4C3=O)cc2)cc1,1.105899582
*c1ccc(N2C(=O)c3ccc(-c4ccc5c(c4)C(=O)N(*)C5=O)cc3C2=O)c(C)c1,1.175877728
*c1ccc(N2C(=O)c3ccc(-c4ccc5c(c4)C(=O)N(*)C5=O)cc3C2=O)cc1,1.270230048
*c1ccc(N2C(=O)c3ccc(-c4ccc5c(c4)C(=O)N(*)C5=O)cc3C2=O)nc1,1.260613162
*c1ccc(N2C(=O)c3ccc(-c4cccc5c4C(=O)N(*)C5=O)cc3C2=O)cc1,1.218182819
*c1ccc(N2C(=O)c3ccc(C(=O)c4ccc5c(c4)C(=O)N(*)C5=O)cc3C2=O)cc1,1.271524595
*c1ccc(N2C(=O)c3ccc(C(c4ccc5c(c4)C(=O)N(*)C5=O)(C(F)(F)F)C(F)(F)F)cc3C2=O)cc1,1.307479371
*c1ccc(N2C(=O)c3ccc(Oc4ccc(C(C)(C)c5cccc(Oc6ccc7c(c6)C(=O)N(*)C7=O)c5)cc4)cc3C2=O)cc1,1.211368453
*c1ccc(N2C(=O)c3ccc(Oc4ccc5c(c4)C(=O)N(*)C5=O)cc3C2=O)cc1,1.284415042
*c1ccc(OC(=O)c2ccccc2/C=C/c2ccc(/C=C/c3ccccc3C(=O)Oc3ccc(C4(*)OC(=O)c5ccccc54)cc3)cc2)cc1,1.161118025
*c1ccc(Oc2c(C)cc(-c3cc(C)c(Oc4ccc(N5C(=O)c6ccc(Oc7ccccc7Oc7ccc8c(c7)C(=O)N(*)C8=O)cc6C5=O)cc4C(F)(F)F)c(C)c3)cc2C)c(C(F)(F)F)c1,1.230109509
*c1ccc(Oc2c(C)cc(C(C)(C)c3cc(C)c(Oc4ccc(N5C(=O)c6ccc(Oc7ccc(C8(c9ccc(Oc%10ccc%11c(c%10)C(=O)N(*)C%11=O)cc9)CCC(c9ccccc9)CC8)cc7)cc6C5=O)cc4)c(C)c3)cc2C)cc1,1.099576141
*c1ccc(Oc2c(C)cc(C(c3cc(C)c(Oc4ccc(-n5c(=O)c6cc7c(=O)n(*)c(=O)c7cc6c5=O)cc4)c(C)c3)c3cccc4ccccc34)cc2C)cc1,1.0879766
*c1ccc(Oc2c(C)cc(C(c3cc(C)c(Oc4ccc(N5C(=O)c6ccc(-c7ccc8c(c7)C(=O)N(*)C8=O)cc6C5=O)cc4)c(C)c3)c3cccc4ccccc34)cc2C)cc1,1.105842199
*c1ccc(Oc2c(C)cc(Cc3cc(C)c(Oc4ccc(-n5c(=O)c6cc7c(=O)n(*)c(=O)c7cc6c5=O)cc4)c(C)c3)cc2C)cc1,1.126951227
*c1ccc(Oc2c(C)cc(Cc3cc(C)c(Oc4ccc(N5C(=O)c6ccc(-c7ccc8c(c7)C(=O)N(*)C8=O)cc6C5=O)cc4)c(C)c3)cc2C)cc1,1.132492938
*c1ccc(Oc2cc(C(C)(C)C)ccc2Oc2ccc(-n3c(=O)c4cc5c(=O)n(*)c(=O)c5cc4c3=O)cc2)cc1,1.192553559
*c1ccc(Oc2cc(C(C)(C)C)ccc2Oc2ccc(N3C(=O)c4ccc(-c5ccc6c(c5)C(=O)N(*)C6=O)cc4C3=O)cc2)cc1,1.171705288
*c1ccc(Oc2cc3ccccc3cc2Oc2ccc(N3C(=O)c4ccc(-c5ccc6c(c5)C(=O)N(*)C6=O)cc4C3=O)cc2)cc1,1.241176561
*c1ccc(Oc2cc3ccccc3cc2Oc2ccc(N3C(=O)c4ccc(Oc5ccc6c(c5)C(=O)N(*)C6=O)cc4C3=O)cc2)cc1,1.256698292
*c1ccc(Oc2cc3ccccc3cc2Oc2ccc(N3C(=O)c4ccc(S(=O)(=O)c5ccc6c(c5)C(=O)N(*)C6=O)cc4C3=O)cc2)cc1,1.273186916
*c1ccc(Oc2ccc(-c3ccc(Oc4ccc(-n5c(=O)c6cc7c(=O)n(*)c(=O)c7cc6c5=O)cc4)cc3)cc2)cc1,1.236301542
*c1ccc(Oc2ccc(-c3ccc(Oc4ccc(N5C(=O)c6ccc(-c7ccc8c(c7)C(=O)N(*)C8=O)cc6C5=O)cc4)cc3)cc2)cc1,1.208662152
*c1ccc(Oc2ccc(-c3ccc(Oc4ccc(N5C(=O)c6ccc(Oc7ccc(C8(c9ccc(Oc%10ccc%11c(c%10)C(=O)N(*)C%11=O)cc9)CCC(c9ccccc9)CC8)cc7)cc6C5=O)cc4)cc3C)c(C)c2)cc1,1.145147381
*c1ccc(Oc2ccc(-c3ccc(Oc4ccc(N5C(=O)c6ccc(Oc7ccc(C8(c9ccc(Oc%10ccc%11c(c%10)C(=O)N(*)C%11=O)cc9)CCCCCCCCCCC8)cc7)cc6C5=O)cc4)cc3C)c(C)c2)cc1,1.09791089
*c1ccc(Oc2ccc(-c3ccc(Oc4ccc(N5C(=O)c6ccc(Oc7cccc(Oc8ccc9c(c8)C(=O)N(*)C9=O)c7)cc6C5=O)cc4)cc3)cc2)cc1,1.246201454
*c1ccc(Oc2ccc(C(=O)c3ccc(Oc4ccc(C5(*)OC(=O)c6ccccc65)cc4)cc3)cc2)cc1,1.186783157
*c1ccc(Oc2ccc(C(C)(C)c3ccc(Oc4ccc(N5C(=O)C6CCC7C(=O)N(*)C(=O)C7C6C5=O)cc4)cc3)cc2)cc1,1.163593926
*c1ccc(Oc2ccc(C(C)(C)c3ccc(Oc4ccc(N5C(=O)c6cc7C(=O)N(*)C(=O)c7cc6C5=O)cc4)cc3)cc2)cc1,1.199178113
*c1ccc(Oc2ccc(C(C)(C)c3ccc(Oc4ccc(N5C(=O)c6ccc(-c7ccc8c(c7)C(=O)N(*)C8=O)cc6C5=O)cc4)cc3)cc2)cc1,1.185849635
*c1ccc(Oc2ccc(C(C)(C)c3ccc(Oc4ccc(N5C(=O)c6ccc(C(=O)c7ccc8c(c7)C(=O)N(*)C8=O)cc6C5=O)cc4)cc3)cc2)cc1,1.202972829
*c1ccc(Oc2ccc(C(c3ccc(Oc4ccc(-n5c(=O)c6cc7c(=O)n(*)c(=O)c7cc6c5=O)cc4)cc3)(C(F)(F)F)C(F)(F)F)cc2)cc1,1.308564776
*c1ccc(Oc2ccc(C(c3ccc(Oc4ccc(N5C(=O)c6ccc(-c7ccc8c(c7)C(=O)N(*)C8=O)cc6C5=O)cc4)cc3)(C(F)(F)F)C(F)(F)F)cc2)cc1,1.276047621
*c1ccc(Oc2ccc(C(c3ccc(Oc4ccc(N5C(=O)c6ccc(Oc7ccc(C8(c9ccc(Oc%10ccc%11c(c%10)C(=O)N(*)C%11=O)cc9)CCC(C(C)(C)C)CC8)cc7)cc6C5=O)cc4)cc3)(C(F)(F)F)C(F)(F)F)cc2)cc1,1.183874742
*c1ccc(Oc2ccc(C(c3ccc(Oc4ccc(N5C(=O)c6ccc(Oc7ccc8c(c7)C(=O)N(*)C8=O)cc6C5=O)cc4)cc3)(C(F)(F)F)C(F)(F)F)cc2)cc1,1.295800467
*c1ccc(Oc2ccc(C(c3ccc(Oc4ccc(N5C(=O)c6ccc(Oc7ccccc7Oc7ccc8c(c7)C(=O)N(*)C8=O)cc6C5=O)cc4C(F)(F)F)cc3)(C(F)(F)F)C(F)(F)F)cc2)c(C(F)(F)F)c1,1.347929123
*c1ccc(Oc2ccc(C3(c4ccc(Oc5ccc(N6C(=O)c7ccc(Oc8ccc(C9(c%10ccc(Oc%11ccc%12c(c%11)C(=O)N(*)C%12=O)cc%10)CCC(C(C)(C)C)CC9)cc8)cc7C6=O)cc5)cc4)CC4CC3C3CCCC43)cc2)cc1,1.105510641
*c1ccc(Oc2ccc(C3(c4ccc(Oc5ccc(N6C(=O)c7ccc(Oc8ccc(C9(c%10ccc(Oc%11ccc%12c(c%11)C(=O)N(*)C%12=O)cc%10)CCC(c%10ccccc%10)CC9)cc8)cc7C6=O)cc5)cc4)CC4CC3C3CCCC43)cc2)cc1,1.128591153
*c1ccc(Oc2ccc(C3(c4ccc(Oc5ccc(N6C(=O)c7ccc(Oc8ccc(C9(c%10ccc(Oc%11ccc%12c(c%11)C(=O)N(*)C%12=O)cc%10)CCCCCCCCCCC9)cc8)cc7C6=O)cc5)cc4)C4CC5CC(C4)CC3C5)cc2)cc1,1.101806479
*c1ccc(Oc2ccc(C3(c4ccc(Oc5ccc(N6C(=O)c7ccc(Oc8ccc(C9(c%10ccc(Oc%11ccc%12c(c%11)C(=O)N(*)C%12=O)cc%10)CCCCCCCCCCC9)cc8)cc7C6=O)cc5)cc4)CCC(C(C)(C)C)CC3)cc2)cc1,1.073893097
*c1ccc(Oc2ccc(C3(c4ccc(Oc5ccc(N6C(=O)c7ccc(Oc8ccccc8Oc8ccc9c(c8)C(=O)N(*)C9=O)cc7C6=O)cc5C(F)(F)F)cc4)c4ccccc4-c4ccccc43)cc2)c(C(F)(F)F)c1,1.25213482
*c1ccc(Oc2ccc(N3C(=O)C4CCC5C(=O)N(*)C(=O)C5C4C3=O)cc2)cc1,1.224206455
*c1ccc(Oc2ccc(N3C(=O)c4cc5C(=O)N(*)C(=O)c5cc4C3=O)cc2)cc1,1.286371335
*c1ccc(Oc2ccc(N3C(=O)c4ccc(-c5ccc6c(c5)C(=O)N(*)C6=O)cc4C3=O)cc2)cc1,1.246919536
*c1ccc(Oc2ccc(N3C(=O)c4ccc(-c5cccc6c5C(=O)N(*)C6=O)cc4C3=O)cc2)cc1,1.225730173
*c1ccc(Oc2ccc(N3C(=O)c4ccc(C(=O)c5ccc6c(c5)C(=O)N(*)C6=O)cc4C3=O)cc2)cc1,1.25624388
*c1ccc(Oc2ccc(N3C(=O)c4ccc(C(c5ccc6c(c5)C(=O)N(*)C6=O)(C(F)(F)F)C(F)(F)F)cc4C3=O)cc2)cc1,1.301214948
*c1ccc(Oc2ccc(N3C(=O)c4ccc(Oc5ccc(C(c6ccc(Oc7ccc8c(c7)C(=O)N(*)C8=O)cc6)(C(F)(F)F)C(F)(F)F)cc5)cc4C3=O)cc2)cc1,1.302606771
*c1ccc(Oc2ccc(N3C(=O)c4ccc(Oc5ccc(C6(c7ccc(Oc8ccc9c(c8)C(=O)N(*)C9=O)cc7)CCC(c7ccccc7)CC6)cc5)cc4C3=O)cc2)cc1,1.165731568
*c1ccc(Oc2ccc(N3C(=O)c4ccc(Oc5ccc6c(c5)C(=O)N(*)C6=O)cc4C3=O)cc2)cc1,1.269137831
*c1ccc(Oc2ccc(N3C(=O)c4ccc(Oc5cccc6c5C(=O)N(*)C6=O)cc4C3=O)cc2)cc1,1.273119351
*c1ccc(Oc2ccc(N3C(=O)c4cccc(Oc5cccc6c5C(=O)N(*)C6=O)c4C3=O)cc2)cc1,1.284526309
*c1ccc(Oc2ccc(NC(=O)CN3C(=O)c4ccc(C(c5ccc6c(c5)C(=O)N(CC(=O)Nc5ccc(Oc7ccc(-c8nnc(*)o8)cc7)cc5)C6=O)(C(F)(F)F)C(F)(F)F)cc4C3=O)cc2)cc1,1.321558491
*c1ccc(Oc2ccc(Oc3ccc(-n4c(=O)c5cc6c(=O)n(*)c(=O)c6cc5c4=O)cc3)cc2-c2ccccc2)cc1,1.228190525
*c1ccc(Oc2ccc(Oc3ccc(-n4c(=O)c5cc6c(=O)n(*)c(=O)c6cc5c4=O)cc3)cc2C(C)(C)C)cc1,1.155735832
*c1ccc(Oc2ccc(Oc3ccc(N4C(=O)C5CCC6C(=O)N(*)C(=O)C6C5C4=O)cc3)cc2)cc1,1.213193563
*c1ccc(Oc2ccc(Oc3ccc(N4C(=O)c5cc6C(=O)N(*)C(=O)c6cc5C4=O)cc3)cc2)cc1,1.27413335
*c1ccc(Oc2ccc(Oc3ccc(N4C(=O)c5ccc(-c6ccc7c(c6)C(=O)N(*)C7=O)cc5C4=O)cc3)c(-c3ccccc3)c2)cc1,1.202889399
*c1ccc(Oc2ccc(Oc3ccc(N4C(=O)c5ccc(-c6ccc7c(c6)C(=O)N(*)C7=O)cc5C4=O)cc3)c(C(C)(C)C)c2)cc1,1.153474075
*c1ccc(Oc2ccc(Oc3ccc(N4C(=O)c5ccc(-c6ccc7c(c6)C(=O)N(*)C7=O)cc5C4=O)cc3)cc2)cc1,1.238883713
*c1ccc(Oc2ccc(Oc3ccc(N4C(=O)c5ccc(-c6cccc7c6C(=O)N(*)C7=O)cc5C4=O)cc3)cc2)cc1,1.224657804
*c1ccc(Oc2ccc(Oc3ccc(N4C(=O)c5ccc(C(c6ccc7c(c6)C(=O)N(*)C7=O)(C(F)(F)F)C(F)(F)F)cc5C4=O)cc3)cc2)cc1,1.291041814
*c1ccc(Oc2ccc(Oc3ccc(N4C(=O)c5ccc(Oc6ccc(C7(c8ccc(Oc9ccc%10c(c9)C(=O)N(*)C%10=O)cc8)CCC(C(C)(C)C)CC7)cc6)cc5C4=O)cc3)c(C(C)(C)C)c2)cc1,1.108698074
*c1ccc(Oc2ccc(Oc3ccc(N4C(=O)c5ccc(Oc6ccc(C7(c8ccc(Oc9ccc%10c(c9)C(=O)N(*)C%10=O)cc8)CCC(c8ccccc8)CC7)cc6)cc5C4=O)cc3)c(C(C)(C)C)c2)cc1,1.137986282
*c1ccc(Oc2ccc(Oc3ccc(N4C(=O)c5ccc(Oc6ccc(C7(c8ccc(Oc9ccc%10c(c9)C(=O)N(*)C%10=O)cc8)CCCCCCCCCCC7)cc6)cc5C4=O)cc3)c(C(C)(C)C)c2)cc1,1.080878734
*c1ccc(Oc2ccc(Oc3ccc(N4C(=O)c5ccc(Oc6ccc7c(c6)C(=O)N(*)C7=O)cc5C4=O)cc3)cc2)cc1,1.250215209
*c1ccc(Oc2ccc(Oc3ccc(N4C(=O)c5ccc(Oc6cccc7c6C(=O)N(*)C7=O)cc5C4=O)cc3)cc2)cc1,1.258077327
*c1ccc(Oc2ccc(Oc3ccc(N4C(=O)c5ccc(Oc6ccccc6Oc6ccc7c(c6)C(=O)N(*)C7=O)cc5C4=O)cc3C(F)(F)F)cc2)c(C(F)(F)F)c1,1.333812448
*c1ccc(Oc2ccc(Oc3ccc(N4C(=O)c5cccc(Oc6cccc7c6C(=O)N(*)C7=O)c5C4=O)cc3)cc2)cc1,1.265742575
*c1ccc(Oc2ccc(S(=O)(=O)c3ccc(Oc4ccc(N5C(=O)c6cc7C(=O)N(*)C(=O)c7cc6C5=O)cc4)cc3)cc2)cc1,1.287501153
*c1ccc(Oc2ccc(S(=O)(=O)c3ccc(Oc4ccc(N5C(=O)c6ccc(C(=O)c7ccc8c(c7)C(=O)N(*)C8=O)cc6C5=O)cc4)cc3)cc2)cc1,1.26934889
*c1ccc(Oc2ccc(S(=O)(=O)c3ccc(Oc4ccc(N5C(=O)c6ccc(C(c7ccc8c(c7)C(=O)N(*)C8=O)(C(F)(F)F)C(F)(F)F)cc6C5=O)cc4)cc3)cc2)cc1,1.306828793
*c1ccc(Oc2ccc(S(=O)(=O)c3ccc(Oc4ccc(N5C(=O)c6ccc(Oc7ccc8c(c7)C(=O)N(*)C8=O)cc6C5=O)cc4)cc3)cc2)cc1,1.270428801
*c1ccc(Oc2ccc3ccc(Oc4ccc(-n5c(=O)c6cc7c(=O)n(*)c(=O)c7cc6c5=O)cc4)cc3c2)cc1,1.273386357
*c1ccc(Oc2cccc(N3C(=O)c4ccc(-c5cccc6c5C(=O)N(*)C6=O)cc4C3=O)c2)cc1,1.238208298
*c1ccc(Oc2cccc(Oc3ccc(N4C(=O)c5cc6C(=O)N(*)C(=O)c6cc5C4=O)cc3)c2)cc1,1.299910742
*c1ccc(Oc2cccc(Oc3ccc(N4C(=O)c5ccc(-c6ccc7c(c6)C(=O)N(*)C7=O)cc5C4=O)cc3)c2)cc1,1.252835014
*c1ccc(Oc2cccc(Oc3ccc(N4C(=O)c5ccc(-c6cccc7c6C(=O)N(*)C7=O)cc5C4=O)cc3)c2)cc1,1.238084525
*c1ccc(Oc2cccc(Oc3ccc(N4C(=O)c5ccc(C(=O)c6ccc7c(c6)C(=O)N(*)C7=O)cc5C4=O)cc3)c2)cc1,1.269371235
*c1ccc(Oc2cccc(Oc3ccc(N4C(=O)c5ccc(Oc6ccc7c(c6)C(=O)N(*)C7=O)cc5C4=O)cc3)c2)cc1,1.270104981
*c1ccc(Oc2cccc3c(Oc4ccc(-n5c(=O)c6cc7c(=O)n(*)c(=O)c7cc6c5=O)cc4)cccc23)cc1,1.243581648
*c1ccc(Oc2ccccc2Oc2ccc(-n3c(=O)c4cc5c(=O)n(*)c(=O)c5cc4c3=O)cc2)cc1,1.279833729
*c1ccc(Oc2ccccc2Oc2ccc(N3C(=O)c4ccc(-c5ccc6c(c5)C(=O)N(*)C6=O)cc4C3=O)cc2)cc1,1.252823634
*c1ccc(Oc2ccccc2Oc2ccc(N3C(=O)c4ccc(Oc5ccccc5Oc5ccc6c(c5)C(=O)N(*)C6=O)cc4C3=O)cc2C(F)(F)F)c(C(F)(F)F)c1,1.319418273
*c1ccc(S(*)(=O)=O)cc1,1.355113919
*c1ccc(S(=O)(=O)c2ccc(N3C(=O)c4cc5C(=O)N(*)C(=O)c5cc4C3=O)cc2)cc1,1.303952645
*c1ccc(S(=O)(=O)c2ccc(N3C(=O)c4ccc(-c5ccc6c(c5)C(=O)N(*)C6=O)cc4C3=O)cc2)cc1,1.251668706
*c1ccc(S(=O)(=O)c2ccc(N3C(=O)c4ccc(C(=O)c5ccc6c(c5)C(=O)N(*)C6=O)cc4C3=O)cc2)cc1,1.295795426
*c1ccc(S(=O)(=O)c2ccc(N3C(=O)c4ccc(C(c5ccc6c(c5)C(=O)N(*)C6=O)(C(F)(F)F)C(F)(F)F)cc4C3=O)cc2)cc1,1.310115561
*c1ccc(S(=O)(=O)c2ccc(N3C(=O)c4ccc(Oc5ccc6c(c5)C(=O)N(*)C6=O)cc4C3=O)cc2)cc1,1.283240207
*c1ccc(Sc2ccc(-n3c(=O)c4cc5c(=O)n(*)c(=O)c5cc4c3=O)cc2)cc1,1.292784022
*c1ccc(Sc2ccc(Oc3ccc(Sc4ccc(N5C(=O)c6ccc(Oc7ccc(C(C)(C)c8ccc(Oc9ccc%10c(c9)C(=O)N(*)C%10=O)cc8)cc7)cc6C5=O)cc4)cc3)cc2)cc1,1.217456722
*c1ccc(Sc2ccc(Sc3ccc(Sc4ccc(-n5c(=O)c6cc7c(=O)n(*)c(=O)c7cc6c5=O)cc4)cc3)cc2)cc1,1.289064116
*c1ccc(Sc2ccc3c(c2)Sc2ccc(Sc4ccc(-n5c(=O)c6cc7c(=O)n(*)c(=O)c7cc6c5=O)cc4)cc2S3)cc1,1.305780731
*c1ccc2c(c1)-c1cc(-c3nc4cc(-c5ccc6[nH]c(*)nc6c5)ccc4[nH]3)ccc1S2(=O)=O,1.212814908
*c1ccc2c(c1)-c1nc3cc(-c4ccc5nc6n(c5c4)C(=O)c4cc(C(*)(C(F)(F)F)C(F)(F)F)ccc4-6)ccc3n1C2=O,1.278237634
*c1ccc2c(c1)-c1nc3cc(Oc4ccc5c(c4)nc4n5C(=O)c5cc(C(*)(C(F)(F)F)C(F)(F)F)ccc5-4)ccc3n1C2=O,1.329999975
*c1ccc2c(c1)-c1nc3cc(Oc4ccc5nc6n(c5c4)C(=O)c4cc(C(*)(C(F)(F)F)C(F)(F)F)ccc4-6)ccc3n1C2=O,1.331719513
*c1ccc2c(c1)C(=O)N(c1c(C(C)C)cc(Cc3cc(C(C)C)c(N4C(=O)c5ccc(C(*)(C(F)(F)F)C(F)(F)F)cc5C4=O)c(C(C)C)c3)cc1C(C)C)C2=O,1.054205669
*c1ccc2c(c1)C(=O)N(c1c(C)c(C)c(N3C(=O)c4ccc(C(*)(C(F)(F)F)C(F)(F)F)cc4C3=O)c(C)c1C)C2=O,1.146022084
*c1ccc2c(c1)C(=O)N(c1c(C)cc(C(c3cc(C)c(N4C(=O)c5ccc(C(*)(C(F)(F)F)C(F)(F)F)cc5C4=O)c(C)c3)c3cccc4ccccc34)cc1C)C2=O,1.104934419
*c1ccc2c(c1)C(=O)N(c1c(C)cc(C)c(N3C(=O)c4ccc(C(*)(C(F)(F)F)C(F)(F)F)cc4C3=O)c1C)C2=O,1.174741146
*c1ccc2c(c1)C(=O)N(c1c(C)cc(Cc3cc(C)c(N4C(=O)c5ccc(C(*)(C(F)(F)F)C(F)(F)F)cc5C4=O)c(C)c3)cc1C)C2=O,1.149323946
*c1ccc2c(c1)C(=O)N(c1c(CC)cc(Cc3cc(CC)c(N4C(=O)c5ccc(C(*)(C(F)(F)F)C(F)(F)F)cc5C4=O)c(CC)c3)cc1CC)C2=O,1.128172684
*c1ccc2c(c1)C(=O)N(c1cc(C(c3ccc(O)c(N4C(=O)c5ccc(C(*)(C(F)(F)F)C(F)(F)F)cc5C4=O)c3)(C(F)(F)F)C(F)(F)F)ccc1O)C2=O,1.333438371
*c1ccc2c(c1)C(=O)N(c1cc(N3C(=O)c4ccc(C(*)(C(F)(F)F)C(F)(F)F)cc4C3=O)ccc1C)C2=O,1.24938533
*c1ccc2c(c1)C(=O)N(c1ccc(-c3ccc(Oc4ccc5c(c4)C(C)(c4ccc(Oc6ccc(-c7ccc(N8C(=O)c9ccc(C(*)(C(F)(F)F)C(F)(F)F)cc9C8=O)cc7)cc6C(F)(F)F)cc4)CC5(C)C)c(C(F)(F)F)c3)cc1)C2=O,1.229265414
*c1ccc2c(c1)C(=O)N(c1ccc(C(C)(C)c3ccc(N4C(=O)c5ccc(C(*)(C(F)(F)F)C(F)(F)F)cc5C4=O)cc3)cc1)C2=O,1.229423781
*c1ccc2c(c1)C(=O)N(c1ccc(C(c3ccc(C)c(N4C(=O)c5ccc(C(*)(C(F)(F)F)C(F)(F)F)cc5C4=O)c3)(C(F)(F)F)C(F)(F)F)cc1C)C2=O,1.259487717
*c1ccc2c(c1)C(=O)N(c1ccc(C(c3ccc(N4C(=O)c5ccc(C(*)(C(F)(F)F)C(F)(F)F)cc5C4=O)cc3)(C(F)(F)F)C(F)(F)F)cc1)C2=O,1.312846814
*c1ccc2c(c1)C(=O)N(c1ccc(Cc3ccc(N4C(=O)c5ccc(C(*)(C(F)(F)F)C(F)(F)F)cc5C4=O)cc3)cc1)C2=O,1.27525294
*c1ccc2c(c1)C(=O)N(c1ccc(Cc3ccc(N4C(=O)c5ccc(C(F)(F)C(F)(F)C(*)(F)F)cc5C4=O)cc3)cc1)C2=O,1.327992966
*c1ccc2c(c1)C(=O)N(c1ccc(Oc3c(C)cc(C(c4cc(C)c(Oc5ccc(N6C(=O)c7ccc(C(*)(C(F)(F)F)C(F)(F)F)cc7C6=O)cc5)c(C)c4)c4cccc5ccccc45)cc3C)cc1)C2=O,1.147237154
*c1ccc2c(c1)C(=O)N(c1ccc(Oc3c(C)cc(Cc4cc(C)c(Oc5ccc(N6C(=O)c7ccc(C(*)(C(F)(F)F)C(F)(F)F)cc7C6=O)cc5)c(C)c4)cc3C)cc1)C2=O,1.188244381
*c1ccc2c(c1)C(=O)N(c1ccc(Oc3ccc(-c4ccc(Oc5ccc(N6C(=O)c7ccc(C(*)(C(F)(F)F)C(F)(F)F)cc7C6=O)cc5)cc4)cc3)cc1)C2=O,1.257027996
*c1ccc2c(c1)C(=O)N(c1ccc(Oc3ccc(C(c4ccc(Oc5ccc(N6C(=O)c7ccc(C(*)(C(F)(F)F)C(F)(F)F)cc7C6=O)cc5)cc4)(C(F)(F)F)C(F)(F)F)cc3)cc1)C2=O,1.311751956
*c1ccc2c(c1)C(=O)N(c1ccc(Oc3ccc(N4C(=O)c5ccc(C(C)(C)CCCCC(*)(C)C)cc5C4=O)cc3)cc1)C2=O,1.127096125
*c1ccc2c(c1)C(=O)N(c1ccc(Oc3ccc(N4C(=O)c5ccc(C(C)(C)CCCCCCCCC(*)(C)C)cc5C4=O)cc3)cc1)C2=O,1.09921516
*c1ccc2c(c1)C(=O)N(c1ccc(Oc3ccc4ccc(Oc5ccc(N6C(=O)c7ccc(C(*)(C(F)(F)F)C(F)(F)F)cc7C6=O)cc5)cc4c3)cc1)C2=O,1.283568007
*c1ccc2c(c1)C(=O)N(c1ccc(Oc3cccc(Oc4ccc(N5C(=O)c6ccc(C(*)(C(F)(F)F)C(F)(F)F)cc6C5=O)cc4)c3)cc1)C2=O,1.306690546
*c1ccc2c(c1)C(=O)N(c1ccc(Sc3ccc(Oc4ccc(Sc5ccc(N6C(=O)c7ccc(C(*)(C(F)(F)F)C(F)(F)F)cc7C6=O)cc5)cc4)cc3)cc1)C2=O,1.295180711
*c1ccc2c(c1)C(=O)N(c1ccc3c(c1)-c1cc(N4C(=O)c5ccc(C(*)(C(F)(F)F)C(F)(F)F)cc5C4=O)ccc1C3)C2=O,1.262253686
*c1ccc2c(c1)C(=O)N(c1cccc(Oc3ccc(S(=O)(=O)c4ccc(Oc5cccc(N6C(=O)c7ccc(C(*)(C(F)(F)F)C(F)(F)F)cc7C6=O)c5)cc4)cc3)c1)C2=O,1.317245118
*c1ccc2c(c1)C(=O)N(c1cccc(Oc3cccc(Oc4cccc(N5C(=O)c6ccc(C(*)(C(F)(F)F)C(F)(F)F)cc6C5=O)c4)c3)c1)C2=O,1.30619974
*c1ccc2c(c1)C(=O)N(c1cccc(S(=O)(=O)c3cccc(N4C(=O)c5ccc(C(*)(C(F)(F)F)C(F)(F)F)cc5C4=O)c3)c1)C2=O,1.336308485
*c1ccc2c(c1)Cc1cc(N3C(=O)c4ccc(-c5ccc6c(c5)C(=O)N(*)C6=O)cc4C3=O)ccc1-2,1.225343754
*c1ccc2sc3ccc(-c4nc5cc(-c6ccc7[nH]c(*)nc7c6)ccc5[nH]4)cc3c2c1,1.22005735
*c1cccc(-c2nc3cc(-c4ccc5nc(*)c(-c6ccc7ccccc7c6)nc5c4)ccc3nc2-c2ccc3ccccc3c2)c1,1.095943981
*c1cccc(-c2nc3cc(-c4ccc5nc(*)c(-c6ccccc6)nc5c4)ccc3nc2-c2ccccc2)c1,1.066267313
*c1cccc(-n2c(=O)c3cc4c(=O)n(*)c(=O)c4cc3c2=O)c1C,1.169276438
*c1cccc(N2C(=O)c3cc4C(=O)N(*)C(=O)c4cc3C2=O)c1,1.294253824
*c1cccc(N2C(=O)c3ccc(-c4ccc5c(c4)C(=O)N(*)C5=O)cc3C2=O)c1,1.239575297
*c1cccc(N2C(=O)c3ccc(-c4ccc5c(c4)C(=O)N(*)C5=O)cc3C2=O)c1C,1.15533487
*c1cccc(N2C(=O)c3ccc(-c4cccc5c4C(=O)N(*)C5=O)cc3C2=O)c1,1.240217083
*c1cccc(N2C(=O)c3ccc(C(=O)c4ccc5c(c4)C(=O)N(*)C5=O)cc3C2=O)c1,1.262038362
*c1cccc(N2C(=O)c3ccc(C(c4ccc5c(c4)C(=O)N(*)C5=O)(C(F)(F)F)C(F)(F)F)cc3C2=O)c1,1.317287284
*c1cccc(N2C(=O)c3ccc(Oc4ccc(C(C)(C)c5ccc(Oc6ccc7c(c6)C(=O)N(*)C7=O)cc5)cc4)cc3C2=O)c1,1.202697866
*c1cccc(N2C(=O)c3ccc(Oc4ccc5c(c4)C(=O)N(*)C5=O)cc3C2=O)c1,1.280091609
*c1cccc(N2C(=O)c3ccc(Oc4ccc5c(c4)C4(CC(C)(C)c6ccc(Oc7ccc8c(c7)C(=O)N(*)C8=O)cc64)CC5(C)C)cc3C2=O)c1,1.139268236
*c1cccc(Oc2ccc(N3C(=O)c4cc5C(=O)N(*)C(=O)c5cc4C3=O)cc2)c1,1.284270014
*c1cccc(Oc2ccc(N3C(=O)c4ccc(-c5ccc6c(c5)C(=O)N(*)C6=O)cc4C3=O)cc2)c1,1.252942085
*c1cccc(Oc2ccc(N3C(=O)c4ccc(C(=O)c5ccc6c(c5)C(=O)N(*)C6=O)cc4C3=O)cc2)c1,1.267108398
*c1cccc(Oc2ccc(N3C(=O)c4ccc(C(c5ccc6c(c5)C(=O)N(*)C6=O)(C(F)(F)F)C(F)(F)F)cc4C3=O)cc2)c1,1.305857302
*c1cccc(Oc2ccc(N3C(=O)c4ccc(Oc5ccc6c(c5)C(=O)N(*)C6=O)cc4C3=O)cc2)c1,1.271392185
*c1cccc(Oc2ccc(S(=O)(=O)c3ccc(Oc4cccc(-n5c(=O)c6cc7c(=O)n(*)c(=O)c7cc6c5=O)c4)cc3)cc2)c1,1.296610121
*c1cccc(Oc2ccc(S(=O)(=O)c3ccc(Oc4cccc(N5C(=O)c6ccc(-c7ccc8c(c7)C(=O)N(*)C8=O)cc6C5=O)c4)cc3)cc2)c1,1.27232919
*c1cccc(Oc2cccc(Oc3cccc(-n4c(=O)c5cc6c(=O)n(*)c(=O)c6cc5c4=O)c3)c2)c1,1.295820551
*c1cccc(Oc2cccc(Oc3cccc(N4C(=O)c5ccc(-c6cccc7c6C(=O)N(*)C7=O)cc5C4=O)c3)c2)c1,1.245112428
*c1cccc(P(=O)(c2ccc(C(F)(F)F)cc2)c2cccc(-n3c(=O)c4c(-c5cc(C(F)(F)F)cc(C(F)(F)F)c5)c5c(=O)n(*)c(=O)c5c(-c5cc(C(F)(F)F)cc(C(F)(F)F)c5)c4c3=O)c2)c1,1.290758894
*c1cccc(P(=O)(c2ccc(C(F)(F)F)cc2)c2cccc(-n3c(=O)c4c(-c5ccc(C(F)(F)F)cc5)c5c(=O)n(*)c(=O)c5c(-c5ccc(C(F)(F)F)cc5)c4c3=O)c2)c1,1.240680333
*c1cccc(P(=O)(c2ccc(C(F)(F)F)cc2)c2cccc(-n3c(=O)c4c(-c5ccccc5)c5c(=O)n(*)c(=O)c5c(-c5ccccc5)c4c3=O)c2)c1,1.191105752
*c1cccc(P(=O)(c2ccc(C(F)(F)F)cc2)c2cccc(-n3c(=O)c4cc5c(=O)n(*)c(=O)c5cc4c3=O)c2)c1,1.274278888
*c1cccc(P(=O)(c2cccc(-n3c(=O)c4c(-c5cc(C(F)(F)F)cc(C(F)(F)F)c5)c5c(=O)n(*)c(=O)c5c(-c5cc(C(F)(F)F)cc(C(F)(F)F)c5)c4c3=O)c2)c2cc(C(F)(F)F)cc(C(F)(F)F)c2)c1,1.312247717
*c1cccc(P(=O)(c2cccc(-n3c(=O)c4c(-c5ccc(C(F)(F)F)cc5)c5c(=O)n(*)c(=O)c5c(-c5ccc(C(F)(F)F)cc5)c4c3=O)c2)c2cc(C(F)(F)F)cc(C(F)(F)F)c2)c1,1.275974405
*c1cccc(P(=O)(c2cccc(-n3c(=O)c4c(-c5ccccc5)c5c(=O)n(*)c(=O)c5c(-c5ccccc5)c4c3=O)c2)c2cc(C(F)(F)F)cc(C(F)(F)F)c2)c1,1.217051099
*c1cccc(P(=O)(c2cccc(-n3c(=O)c4cc5c(=O)n(*)c(=O)c5cc4c3=O)c2)c2cc(C(F)(F)F)cc(C(F)(F)F)c2)c1,1.318625494
*c1cccc(P(=O)(c2ccccc2)c2cccc(-n3c(=O)c4c(-c5cc(C(F)(F)F)cc(C(F)(F)F)c5)c5c(=O)n(*)c(=O)c5c(-c5cc(C(F)(F)F)cc(C(F)(F)F)c5)c4c3=O)c2)c1,1.256448494
*c1cccc(P(=O)(c2ccccc2)c2cccc(-n3c(=O)c4c(-c5ccc(C(F)(F)F)cc5)c5c(=O)n(*)c(=O)c5c(-c5ccc(C(F)(F)F)cc5)c4c3=O)c2)c1,1.211199174
*c1cccc(P(=O)(c2ccccc2)c2cccc(-n3c(=O)c4c(-c5ccccc5)c5c(=O)n(*)c(=O)c5c(-c5ccccc5)c4c3=O)c2)c1,1.146744103
*c1cccc(P(=O)(c2ccccc2)c2cccc(-n3c(=O)c4cc5c(=O)n(*)c(=O)c5cc4c3=O)c2)c1,1.23347752
*c1cccc(S(=O)(=O)NCCCCCCNS(*)(=O)=O)c1,1.285079964
*c1cccc2c(N3C(=O)c4ccc(-c5ccc6c(c5)C(=O)N(*)C6=O)cc4C3=O)cccc12,1.148099012
*n1c(=O)c2cc3c(cc2c1=O)c(=O)n(c3=O)CCCCCCCCC*,1.170652605
